GEOIDfake,GEOID,Geo_QNAME,Geo_NATION,Geo_STATE,Geo_COUNTY,TRACTCE,Geo_BG,Geo_CITY,Geo_MSAMSA,Geo_ZC,White Population Alone,Black Population Alone, Asian Population Alone,American Indian Population,Other Race Population,SE_T006_006,SE_T006_007,SE_T006_008,SE_T006_009,SE_T006_010,SE_T006_011,SE_T006_012
"371830501001","371830501001","371830501001, 37183050100, Wake County, North Carolina","00","37","183","050100","1",,,,1016,225,39,1,20,99,1064,241,43,1,22,91
"371830501002","371830501002","371830501002, 37183050100, Wake County, North Carolina","00","37","183","050100","2",,,,1444,442,111,4,45,138,1497,469,121,4,49,126
"371830501003","371830501003","371830501003, 37183050100, Wake County, North Carolina","00","37","183","050100","3",,,,1448,156,89,2,21,142,1516,167,98,2,22,131
"371830503001","371830503001","371830503001, 37183050300, Wake County, North Carolina","00","37","183","050300","1",,,,1400,66,18,5,24,107,1474,71,20,5,27,100
"371830503002","371830503002","371830503002, 37183050300, Wake County, North Carolina","00","37","183","050300","2",,,,542,215,50,5,10,37,565,228,55,5,11,35
"371830503003","371830503003","371830503003, 37183050300, Wake County, North Carolina","00","37","183","050300","3",,,,783,111,40,2,26,57,819,120,44,2,29,52
"371830504001","371830504001","371830504001, 37183050400, Wake County, North Carolina","00","37","183","050400","1",,,,875,71,19,0,6,74,920,76,20,0,6,69
"371830504002","371830504002","371830504002, 37183050400, Wake County, North Carolina","00","37","183","050400","2",,,,293,224,8,0,14,65,304,239,9,0,16,60
"371830505001","371830505001","371830505001, 37183050500, Wake County, North Carolina","00","37","183","050500","1",,,,1222,72,21,0,35,95,1288,77,22,0,38,88
"371830505002","371830505002","371830505002, 37183050500, Wake County, North Carolina","00","37","183","050500","2",,,,997,664,14,4,31,88,1040,709,16,4,33,81
"371830505003","371830505003","371830505003, 37183050500, Wake County, North Carolina","00","37","183","050500","3",,,,491,93,11,1,93,52,512,99,13,1,101,48
"371830506001","371830506001","371830506001, 37183050600, Wake County, North Carolina","00","37","183","050600","1",,,,443,907,27,3,40,59,446,933,28,3,42,52
"371830506002","371830506002","371830506002, 37183050600, Wake County, North Carolina","00","37","183","050600","2",,,,254,528,5,6,54,57,264,559,5,6,59,51
"371830506003","371830506003","371830506003, 37183050600, Wake County, North Carolina","00","37","183","050600","3",,,,848,224,16,0,14,56,886,240,17,0,16,50
"371830507001","371830507001","371830507001, 37183050700, Wake County, North Carolina","00","37","183","050700","1",,,,469,585,20,2,10,72,489,622,21,2,12,66
"371830507002","371830507002","371830507002, 37183050700, Wake County, North Carolina","00","37","183","050700","2",,,,224,320,17,1,23,22,233,341,19,1,25,20
"371830507003","371830507003","371830507003, 37183050700, Wake County, North Carolina","00","37","183","050700","3",,,,288,917,12,7,71,77,298,971,13,7,78,70
"371830508001","371830508001","371830508001, 37183050800, Wake County, North Carolina","00","37","183","050800","1",,,,171,538,6,10,86,37,177,566,6,11,93,34
"371830508002","371830508002","371830508002, 37183050800, Wake County, North Carolina","00","37","183","050800","2",,,,151,516,4,10,125,67,156,544,4,11,136,61
"371830508003","371830508003","371830508003, 37183050800, Wake County, North Carolina","00","37","183","050800","3",,,,1276,927,11,42,77,67,1272,947,12,44,82,59
"371830509001","371830509001","371830509001, 37183050900, Wake County, North Carolina","00","37","183","050900","1",,,,404,672,26,2,39,55,411,699,28,2,42,49
"371830509002","371830509002","371830509002, 37183050900, Wake County, North Carolina","00","37","183","050900","2",,,,230,463,22,11,75,66,238,491,23,12,82,60
"371830509003","371830509003","371830509003, 37183050900, Wake County, North Carolina","00","37","183","050900","3",,,,151,375,2,8,59,37,157,396,2,9,64,34
"371830510001","371830510001","371830510001, 37183051000, Wake County, North Carolina","00","37","183","051000","1",,,,1380,197,57,20,80,142,1448,211,64,21,89,130
"371830510002","371830510002","371830510002, 37183051000, Wake County, North Carolina","00","37","183","051000","2",,,,780,110,10,1,26,84,816,119,11,1,28,77
"371830511011","371830511011","371830511011, 37183051101, Wake County, North Carolina","00","37","183","051101","1",,,,1519,206,162,7,34,203,1530,211,173,7,35,179
"371830511012","371830511012","371830511012, 37183051101, Wake County, North Carolina","00","37","183","051101","2",,,,890,540,267,20,116,175,921,571,292,22,126,159
"371830511021","371830511021","371830511021, 37183051102, Wake County, North Carolina","00","37","183","051102","1",,,,249,29,38,5,0,31,251,29,40,5,0,27
"371830511022","371830511022","371830511022, 37183051102, Wake County, North Carolina","00","37","183","051102","2",,,,1905,147,283,11,50,219,1902,150,297,12,53,192
"371830511023","371830511023","371830511023, 37183051102, Wake County, North Carolina","00","37","183","051102","3",,,,407,474,1,23,51,28,406,482,1,24,54,25
"371830512001","371830512001","371830512001, 37183051200, Wake County, North Carolina","00","37","183","051200","1",,,,1163,32,49,0,8,98,1222,34,54,0,9,92
"371830512002","371830512002","371830512002, 37183051200, Wake County, North Carolina","00","37","183","051200","2",,,,1253,48,55,2,29,110,1316,51,62,2,31,101
"371830512003","371830512003","371830512003, 37183051200, Wake County, North Carolina","00","37","183","051200","3",,,,1369,74,91,4,14,150,1431,78,100,4,16,138
"371830514001","371830514001","371830514001, 37183051400, Wake County, North Carolina","00","37","183","051400","1",,,,804,6,26,0,7,30,843,6,29,0,7,28
"371830514002","371830514002","371830514002, 37183051400, Wake County, North Carolina","00","37","183","051400","2",,,,911,16,13,2,14,56,956,18,15,2,16,51
"371830514003","371830514003","371830514003, 37183051400, Wake County, North Carolina","00","37","183","051400","3",,,,875,26,21,5,3,50,923,27,22,5,3,46
"371830514004","371830514004","371830514004, 37183051400, Wake County, North Carolina","00","37","183","051400","4",,,,1449,88,111,4,27,77,1482,93,120,4,29,69
"371830514005","371830514005","371830514005, 37183051400, Wake County, North Carolina","00","37","183","051400","5",,,,965,219,17,7,22,82,1015,236,18,7,24,75
"371830515011","371830515011","371830515011, 37183051501, Wake County, North Carolina","00","37","183","051501","1",,,,1344,59,29,2,22,65,1409,63,31,2,24,60
"371830515012","371830515012","371830515012, 37183051501, Wake County, North Carolina","00","37","183","051501","2",,,,1889,15,43,0,9,80,1983,17,47,0,10,73
"371830515021","371830515021","371830515021, 37183051502, Wake County, North Carolina","00","37","183","051502","1",,,,867,24,40,0,4,36,910,25,43,0,4,34
"371830515022","371830515022","371830515022, 37183051502, Wake County, North Carolina","00","37","183","051502","2",,,,1624,37,28,0,18,113,1703,40,31,0,19,105
"371830516001","371830516001","371830516001, 37183051600, Wake County, North Carolina","00","37","183","051600","1",,,,1111,5,7,0,6,31,1168,5,7,0,6,29
"371830516002","371830516002","371830516002, 37183051600, Wake County, North Carolina","00","37","183","051600","2",,,,921,26,2,1,13,30,965,28,2,1,14,28
"371830516003","371830516003","371830516003, 37183051600, Wake County, North Carolina","00","37","183","051600","3",,,,803,9,16,4,9,113,848,10,17,4,11,106
"371830516004","371830516004","371830516004, 37183051600, Wake County, North Carolina","00","37","183","051600","4",,,,1008,9,7,5,7,48,1063,9,7,5,7,44
"371830516005","371830516005","371830516005, 37183051600, Wake County, North Carolina","00","37","183","051600","5",,,,785,3,5,6,0,28,824,3,5,6,0,27
"371830517001","371830517001","371830517001, 37183051700, Wake County, North Carolina","00","37","183","051700","1",,,,1105,10,4,0,3,47,1159,10,4,0,3,43
"371830517002","371830517002","371830517002, 37183051700, Wake County, North Carolina","00","37","183","051700","2",,,,1305,9,22,0,3,45,1372,9,24,0,3,41
"371830517003","371830517003","371830517003, 37183051700, Wake County, North Carolina","00","37","183","051700","3",,,,1371,47,45,2,13,53,1436,50,49,2,15,49
"371830518001","371830518001","371830518001, 37183051800, Wake County, North Carolina","00","37","183","051800","1",,,,1501,38,12,0,10,100,1580,41,14,0,12,93
"371830518002","371830518002","371830518002, 37183051800, Wake County, North Carolina","00","37","183","051800","2",,,,1577,35,23,0,9,116,1657,38,26,0,10,108
"371830518003","371830518003","371830518003, 37183051800, Wake County, North Carolina","00","37","183","051800","3",,,,1543,136,31,7,35,84,1615,146,33,7,38,77
"371830519001","371830519001","371830519001, 37183051900, Wake County, North Carolina","00","37","183","051900","1",,,,765,535,19,12,93,156,802,573,20,14,102,144
"371830519002","371830519002","371830519002, 37183051900, Wake County, North Carolina","00","37","183","051900","2",,,,659,1225,19,6,173,97,682,1298,20,6,189,89
"371830519003","371830519003","371830519003, 37183051900, Wake County, North Carolina","00","37","183","051900","3",,,,462,487,12,14,166,91,479,515,13,16,182,83
"371830520011","371830520011","371830520011, 37183052001, Wake County, North Carolina","00","37","183","052001","1",,,,327,1223,40,42,492,263,338,1292,43,45,534,238
"371830520012","371830520012","371830520012, 37183052001, Wake County, North Carolina","00","37","183","052001","2",,,,184,783,9,28,321,105,189,824,10,31,348,95
"371830520021","371830520021","371830520021, 37183052002, Wake County, North Carolina","00","37","183","052002","1",,,,220,1631,4,39,587,149,226,1709,4,42,633,134
"371830520022","371830520022","371830520022, 37183052002, Wake County, North Carolina","00","37","183","052002","2",,,,331,1689,34,21,314,97,340,1773,36,22,340,88
"371830521011","371830521011","371830521011, 37183052101, Wake County, North Carolina","00","37","183","052101","1",,,,870,2815,103,20,671,301,898,2974,112,21,729,273
"371830521012","371830521012","371830521012, 37183052101, Wake County, North Carolina","00","37","183","052101","2",,,,108,905,20,4,195,64,111,948,21,4,211,58
"371830521013","371830521013","371830521013, 37183052101, Wake County, North Carolina","00","37","183","052101","3",,,,86,636,2,19,833,74,87,660,2,20,890,66
"371830521014","371830521014","371830521014, 37183052101, Wake County, North Carolina","00","37","183","052101","4",,,,110,921,10,14,177,77,113,970,11,15,193,70
"371830521021","371830521021","371830521021, 37183052102, Wake County, North Carolina","00","37","183","052102","1",,,,121,954,21,5,400,93,123,1000,22,5,431,84
"371830521022","371830521022","371830521022, 37183052102, Wake County, North Carolina","00","37","183","052102","2",,,,170,1654,43,15,197,145,175,1744,46,16,213,131
"371830521023","371830521023","371830521023, 37183052102, Wake County, North Carolina","00","37","183","052102","3",,,,174,1659,33,20,353,100,179,1743,36,21,381,91
"371830523031","371830523031","371830523031, 37183052303, Wake County, North Carolina","00","37","183","052303","1",,,,853,169,136,6,20,103,891,181,148,6,21,95
"371830523032","371830523032","371830523032, 37183052303, Wake County, North Carolina","00","37","183","052303","2",,,,1645,510,155,2,56,187,1714,544,169,2,62,171
"371830523041","371830523041","371830523041, 37183052304, Wake County, North Carolina","00","37","183","052304","1",,,,1128,580,86,10,70,145,1178,619,95,11,77,133
"371830523042","371830523042","371830523042, 37183052304, Wake County, North Carolina","00","37","183","052304","2",,,,559,180,42,1,25,48,584,193,46,1,27,44
"371830523051","371830523051","371830523051, 37183052305, Wake County, North Carolina","00","37","183","052305","1",,,,471,127,150,1,22,44,490,135,162,1,23,39
"371830523052","371830523052","371830523052, 37183052305, Wake County, North Carolina","00","37","183","052305","2",,,,1422,284,372,13,31,155,1450,296,399,14,33,139
"371830523061","371830523061","371830523061, 37183052306, Wake County, North Carolina","00","37","183","052306","1",,,,904,215,161,4,27,73,942,228,177,4,30,67
"371830523071","371830523071","371830523071, 37183052307, Wake County, North Carolina","00","37","183","052307","1",,,,441,237,72,0,32,100,462,253,80,0,35,93
"371830523072","371830523072","371830523072, 37183052307, Wake County, North Carolina","00","37","183","052307","2",,,,781,382,174,6,38,108,810,405,189,6,42,99
"371830523073","371830523073","371830523073, 37183052307, Wake County, North Carolina","00","37","183","052307","3",,,,627,91,51,7,34,79,658,98,57,7,37,72
"371830523074","371830523074","371830523074, 37183052307, Wake County, North Carolina","00","37","183","052307","4",,,,418,101,155,0,35,58,433,108,170,0,38,53
"371830523075","371830523075","371830523075, 37183052307, Wake County, North Carolina","00","37","183","052307","5",,,,373,117,52,0,13,51,388,124,58,0,14,47
"371830524011","371830524011","371830524011, 37183052401, Wake County, North Carolina","00","37","183","052401","1",,,,4065,855,337,16,121,403,4261,916,371,17,133,370
"371830524012","371830524012","371830524012, 37183052401, Wake County, North Carolina","00","37","183","052401","2",,,,651,30,27,6,21,22,653,30,28,6,22,20
"371830524041","371830524041","371830524041, 37183052404, Wake County, North Carolina","00","37","183","052404","1",,,,1393,297,77,8,117,140,1457,318,85,9,129,128
"371830524042","371830524042","371830524042, 37183052404, Wake County, North Carolina","00","37","183","052404","2",,,,555,57,541,2,54,75,570,60,587,2,59,68
"371830524043","371830524043","371830524043, 37183052404, Wake County, North Carolina","00","37","183","052404","3",,,,562,29,58,1,43,48,586,31,65,1,47,44
"371830524071","371830524071","371830524071, 37183052407, Wake County, North Carolina","00","37","183","052407","1",,,,1207,382,121,18,258,198,1259,408,134,20,283,182
"371830524072","371830524072","371830524072, 37183052407, Wake County, North Carolina","00","37","183","052407","2",,,,772,266,40,16,53,63,803,284,44,17,58,58
"371830524073","371830524073","371830524073, 37183052407, Wake County, North Carolina","00","37","183","052407","3",,,,654,269,70,0,70,91,684,287,77,0,77,84
"371830524081","371830524081","371830524081, 37183052408, Wake County, North Carolina","00","37","183","052408","1",,,,522,421,97,6,72,108,544,448,106,6,79,99
"371830524082","371830524082","371830524082, 37183052408, Wake County, North Carolina","00","37","183","052408","2",,,,943,378,132,8,187,174,984,403,144,9,206,160
"371830524091","371830524091","371830524091, 37183052409, Wake County, North Carolina","00","37","183","052409","1",,,,175,129,591,4,36,59,178,134,632,4,38,52
"371830524092","371830524092","371830524092, 37183052409, Wake County, North Carolina","00","37","183","052409","2",,,,1367,175,389,9,39,145,1388,182,417,10,42,130
"371830524093","371830524093","371830524093, 37183052409, Wake County, North Carolina","00","37","183","052409","3",,,,587,209,477,8,346,226,607,221,519,9,376,205
"371830524101","371830524101","371830524101, 37183052410, Wake County, North Carolina","00","37","183","052410","1",,,,965,409,80,3,142,168,1011,438,89,3,155,155
"371830524111","371830524111","371830524111, 37183052411, Wake County, North Carolina","00","37","183","052411","1",,,,1137,939,122,13,357,241,1183,999,133,14,391,219
"371830524112","371830524112","371830524112, 37183052411, Wake County, North Carolina","00","37","183","052411","2",,,,1869,863,264,18,359,316,1949,920,290,19,394,289
"371830525041","371830525041","371830525041, 37183052504, Wake County, North Carolina","00","37","183","052504","1",,,,1282,456,140,5,184,138,1332,485,153,5,201,126
"371830525042","371830525042","371830525042, 37183052504, Wake County, North Carolina","00","37","183","052504","2",,,,891,37,26,7,13,93,939,40,29,7,14,86
"371830525043","371830525043","371830525043, 37183052504, Wake County, North Carolina","00","37","183","052504","3",,,,2965,537,160,17,92,217,3101,573,177,19,101,198
"371830525051","371830525051","371830525051, 37183052505, Wake County, North Carolina","00","37","183","052505","1",,,,2159,384,108,15,97,250,2264,412,120,16,108,231
"371830525052","371830525052","371830525052, 37183052505, Wake County, North Carolina","00","37","183","052505","2",,,,1297,299,99,4,206,143,1354,319,109,4,226,131
"371830525061","371830525061","371830525061, 37183052506, Wake County, North Carolina","00","37","183","052506","1",,,,742,244,44,2,19,68,778,262,48,2,20,62
"371830525062","371830525062","371830525062, 37183052506, Wake County, North Carolina","00","37","183","052506","2",,,,1206,70,32,4,22,68,1264,74,35,4,23,63
"371830525071","371830525071","371830525071, 37183052507, Wake County, North Carolina","00","37","183","052507","1",,,,595,183,16,3,19,70,628,198,17,3,20,64
"371830525072","371830525072","371830525072, 37183052507, Wake County, North Carolina","00","37","183","052507","2",,,,1117,482,47,22,165,207,1170,516,51,25,183,190
"371830525081","371830525081","371830525081, 37183052508, Wake County, North Carolina","00","37","183","052508","1",,,,1152,261,75,5,43,95,1206,280,83,5,47,87
"371830525082","371830525082","371830525082, 37183052508, Wake County, North Carolina","00","37","183","052508","2",,,,1541,139,76,7,31,91,1608,149,83,7,34,83
"371830525091","371830525091","371830525091, 37183052509, Wake County, North Carolina","00","37","183","052509","1",,,,850,208,26,0,53,115,892,223,29,0,60,107
"371830525092","371830525092","371830525092, 37183052509, Wake County, North Carolina","00","37","183","052509","2",,,,1533,112,47,3,14,98,1603,120,51,3,15,91
"371830525093","371830525093","371830525093, 37183052509, Wake County, North Carolina","00","37","183","052509","3",,,,686,134,100,1,9,88,717,144,110,1,11,81
"371830526011","371830526011","371830526011, 37183052601, Wake County, North Carolina","00","37","183","052601","1",,,,2034,34,36,3,17,90,2133,37,40,3,18,83
"371830526012","371830526012","371830526012, 37183052601, Wake County, North Carolina","00","37","183","052601","2",,,,1034,29,35,1,0,70,1090,31,38,1,0,65
"371830526021","371830526021","371830526021, 37183052602, Wake County, North Carolina","00","37","183","052602","1",,,,1638,119,41,1,14,92,1717,128,45,1,15,85
"371830526022","371830526022","371830526022, 37183052602, Wake County, North Carolina","00","37","183","052602","2",,,,2047,113,87,0,57,125,2147,121,96,0,64,115
"371830526023","371830526023","371830526023, 37183052602, Wake County, North Carolina","00","37","183","052602","3",,,,807,99,15,3,10,60,848,106,16,3,12,55
"371830526031","371830526031","371830526031, 37183052603, Wake County, North Carolina","00","37","183","052603","1",,,,2182,36,59,1,26,52,2284,38,65,1,29,48
"371830526032","371830526032","371830526032, 37183052603, Wake County, North Carolina","00","37","183","052603","2",,,,1130,68,40,0,22,71,1187,73,44,0,24,66
"371830527011","371830527011","371830527011, 37183052701, Wake County, North Carolina","00","37","183","052701","1",,,,1679,152,87,10,248,162,1758,163,96,11,273,149
"371830527012","371830527012","371830527012, 37183052701, Wake County, North Carolina","00","37","183","052701","2",,,,784,344,66,16,272,180,816,366,73,17,299,165
"371830527013","371830527013","371830527013, 37183052701, Wake County, North Carolina","00","37","183","052701","3",,,,842,383,95,16,569,149,871,404,103,17,619,135
"371830527041","371830527041","371830527041, 37183052704, Wake County, North Carolina","00","37","183","052704","1",,,,293,939,35,27,873,294,303,990,37,29,947,267
"371830527042","371830527042","371830527042, 37183052704, Wake County, North Carolina","00","37","183","052704","2",,,,338,1070,42,24,511,210,349,1131,45,26,556,189
"371830527043","371830527043","371830527043, 37183052704, Wake County, North Carolina","00","37","183","052704","3",,,,563,836,200,16,404,219,583,886,218,17,441,199
"371830527051","371830527051","371830527051, 37183052705, Wake County, North Carolina","00","37","183","052705","1",,,,819,603,95,24,285,160,850,639,104,26,311,146
"371830527052","371830527052","371830527052, 37183052705, Wake County, North Carolina","00","37","183","052705","2",,,,387,138,76,4,268,114,401,147,83,4,293,105
"371830527053","371830527053","371830527053, 37183052705, Wake County, North Carolina","00","37","183","052705","3",,,,1738,415,147,16,224,228,1819,444,161,17,246,209
"371830527061","371830527061","371830527061, 37183052706, Wake County, North Carolina","00","37","183","052706","1",,,,729,779,91,35,612,253,754,823,99,38,667,230
"371830527062","371830527062","371830527062, 37183052706, Wake County, North Carolina","00","37","183","052706","2",,,,747,883,104,35,543,147,769,929,112,37,587,133
"371830527071","371830527071","371830527071, 37183052707, Wake County, North Carolina","00","37","183","052707","1",,,,353,479,61,7,215,106,364,506,66,7,234,97
"371830527072","371830527072","371830527072, 37183052707, Wake County, North Carolina","00","37","183","052707","2",,,,921,345,190,21,351,198,959,367,208,22,383,182
"371830527073","371830527073","371830527073, 37183052707, Wake County, North Carolina","00","37","183","052707","3",,,,582,833,168,33,343,177,602,880,183,35,373,161
"371830527074","371830527074","371830527074, 37183052707, Wake County, North Carolina","00","37","183","052707","4",,,,542,570,77,15,256,127,561,606,85,16,280,115
"371830528011","371830528011","371830528011, 37183052801, Wake County, North Carolina","00","37","183","052801","1",,,,889,269,30,0,33,62,931,288,32,0,36,57
"371830528012","371830528012","371830528012, 37183052801, Wake County, North Carolina","00","37","183","052801","2",,,,909,295,22,9,65,114,952,316,25,10,72,105
"371830528013","371830528013","371830528013, 37183052801, Wake County, North Carolina","00","37","183","052801","3",,,,1222,373,14,21,57,121,1281,399,15,22,63,111
"371830528014","371830528014","371830528014, 37183052801, Wake County, North Carolina","00","37","183","052801","4",,,,472,74,16,8,53,54,496,78,18,9,59,50
"371830528015","371830528015","371830528015, 37183052801, Wake County, North Carolina","00","37","183","052801","5",,,,383,442,5,5,78,52,396,468,5,5,86,47
"371830528021","371830528021","371830528021, 37183052802, Wake County, North Carolina","00","37","183","052802","1",,,,988,447,61,14,151,129,1028,476,66,15,166,118
"371830528022","371830528022","371830528022, 37183052802, Wake County, North Carolina","00","37","183","052802","2",,,,456,513,20,16,280,100,474,543,21,17,305,91
"371830528023","371830528023","371830528023, 37183052802, Wake County, North Carolina","00","37","183","052802","3",,,,864,353,6,15,267,123,901,377,6,17,294,112
"371830528024","371830528024","371830528024, 37183052802, Wake County, North Carolina","00","37","183","052802","4",,,,798,262,31,17,91,91,833,279,33,18,99,84
"371830528071","371830528071","371830528071, 37183052807, Wake County, North Carolina","00","37","183","052807","1",,,,999,897,53,10,206,167,1038,953,59,11,225,152
"371830528072","371830528072","371830528072, 37183052807, Wake County, North Carolina","00","37","183","052807","2",,,,938,918,42,29,209,157,975,977,46,31,229,143
"371830528073","371830528073","371830528073, 37183052807, Wake County, North Carolina","00","37","183","052807","3",,,,309,1448,20,15,376,182,319,1527,21,16,408,165
"371830528091","371830528091","371830528091, 37183052809, Wake County, North Carolina","00","37","183","052809","1",,,,610,277,4,12,232,139,639,297,4,13,255,128
"371830528092","371830528092","371830528092, 37183052809, Wake County, North Carolina","00","37","183","052809","2",,,,861,269,11,21,197,199,905,289,12,23,217,182
"371830528101","371830528101","371830528101, 37183052810, Wake County, North Carolina","00","37","183","052810","1",,,,495,772,28,1,118,110,514,820,30,1,128,100
"371830528102","371830528102","371830528102, 37183052810, Wake County, North Carolina","00","37","183","052810","2",,,,343,1605,27,17,250,196,355,1698,29,19,271,178
"371830528103","371830528103","371830528103, 37183052810, Wake County, North Carolina","00","37","183","052810","3",,,,200,1244,101,17,208,140,207,1309,109,19,226,126
"371830528104","371830528104","371830528104, 37183052810, Wake County, North Carolina","00","37","183","052810","4",,,,346,1514,61,26,513,222,357,1599,67,28,557,202
"371830528111","371830528111","371830528111, 37183052811, Wake County, North Carolina","00","37","183","052811","1",,,,80,523,24,15,124,78,83,553,27,16,135,70
"371830528112","371830528112","371830528112, 37183052811, Wake County, North Carolina","00","37","183","052811","2",,,,167,960,26,4,145,116,173,1016,28,4,158,105
"371830528113","371830528113","371830528113, 37183052811, Wake County, North Carolina","00","37","183","052811","3",,,,456,2449,137,20,660,271,469,2575,149,22,714,246
"371830528114","371830528114","371830528114, 37183052811, Wake County, North Carolina","00","37","183","052811","4",,,,351,1415,37,27,431,136,360,1487,40,29,466,123
"371830528121","371830528121","371830528121, 37183052812, Wake County, North Carolina","00","37","183","052812","1",,,,1099,588,40,8,117,132,1147,628,44,9,129,120
"371830528122","371830528122","371830528122, 37183052812, Wake County, North Carolina","00","37","183","052812","2",,,,1640,462,20,6,91,123,1716,495,21,6,100,112
"371830528131","371830528131","371830528131, 37183052813, Wake County, North Carolina","00","37","183","052813","1",,,,585,232,15,15,102,112,613,247,16,16,112,103
"371830528132","371830528132","371830528132, 37183052813, Wake County, North Carolina","00","37","183","052813","2",,,,1038,644,31,16,122,146,1082,687,34,17,134,134
"371830528141","371830528141","371830528141, 37183052814, Wake County, North Carolina","00","37","183","052814","1",,,,517,459,48,5,55,106,539,490,52,5,61,96
"371830528142","371830528142","371830528142, 37183052814, Wake County, North Carolina","00","37","183","052814","2",,,,595,877,48,18,127,147,619,933,51,19,139,134
"371830528143","371830528143","371830528143, 37183052814, Wake County, North Carolina","00","37","183","052814","3",,,,1399,553,61,8,120,165,1459,589,67,10,131,152
"371830528151","371830528151","371830528151, 37183052815, Wake County, North Carolina","00","37","183","052815","1",,,,1010,1037,45,54,331,323,1055,1105,49,61,364,296
"371830528152","371830528152","371830528152, 37183052815, Wake County, North Carolina","00","37","183","052815","2",,,,617,959,37,19,239,139,639,1016,39,20,260,126
"371830528161","371830528161","371830528161, 37183052816, Wake County, North Carolina","00","37","183","052816","1",,,,305,2219,39,28,598,170,313,2329,42,30,647,153
"371830528162","371830528162","371830528162, 37183052816, Wake County, North Carolina","00","37","183","052816","2",,,,290,1696,47,18,394,191,300,1788,51,19,428,173
"371830529011","371830529011","371830529011, 37183052901, Wake County, North Carolina","00","37","183","052901","1",,,,1281,130,8,11,80,138,1346,140,9,13,89,127
"371830529012","371830529012","371830529012, 37183052901, Wake County, North Carolina","00","37","183","052901","2",,,,959,113,10,4,135,88,1006,122,11,4,148,81
"371830529021","371830529021","371830529021, 37183052902, Wake County, North Carolina","00","37","183","052902","1",,,,1571,331,42,23,241,162,1641,353,46,25,265,149
"371830529022","371830529022","371830529022, 37183052902, Wake County, North Carolina","00","37","183","052902","2",,,,1031,207,23,11,176,117,1075,220,26,12,194,107
"371830529023","371830529023","371830529023, 37183052902, Wake County, North Carolina","00","37","183","052902","3",,,,1473,215,16,13,123,133,1545,229,18,14,136,122
"371830529031","371830529031","371830529031, 37183052903, Wake County, North Carolina","00","37","183","052903","1",,,,774,97,1,7,16,66,811,105,1,7,17,61
"371830529032","371830529032","371830529032, 37183052903, Wake County, North Carolina","00","37","183","052903","2",,,,1667,426,43,12,100,150,1745,456,47,14,111,138
"371830529051","371830529051","371830529051, 37183052905, Wake County, North Carolina","00","37","183","052905","1",,,,1502,228,17,14,83,219,1585,245,18,15,92,203
"371830529052","371830529052","371830529052, 37183052905, Wake County, North Carolina","00","37","183","052905","2",,,,1043,175,14,4,38,90,1095,187,15,4,42,83
"371830529061","371830529061","371830529061, 37183052906, Wake County, North Carolina","00","37","183","052906","1",,,,1470,273,29,3,139,160,1543,293,31,3,154,148
"371830529062","371830529062","371830529062, 37183052906, Wake County, North Carolina","00","37","183","052906","2",,,,1648,238,11,13,146,141,1728,255,12,14,160,130
"371830529063","371830529063","371830529063, 37183052906, Wake County, North Carolina","00","37","183","052906","3",,,,730,182,33,9,20,65,763,194,36,10,21,60
"371830530031","371830530031","371830530031, 37183053003, Wake County, North Carolina","00","37","183","053003","1",,,,1043,43,78,0,25,81,1092,46,87,0,28,75
"371830530032","371830530032","371830530032, 37183053003, Wake County, North Carolina","00","37","183","053003","2",,,,535,104,134,4,16,76,559,112,147,4,18,70
"371830530033","371830530033","371830530033, 37183053003, Wake County, North Carolina","00","37","183","053003","3",,,,1190,173,192,11,52,161,1243,186,211,13,57,148
"371830530034","371830530034","371830530034, 37183053003, Wake County, North Carolina","00","37","183","053003","4",,,,900,137,123,4,46,112,945,147,136,4,50,105
"371830530035","371830530035","371830530035, 37183053003, Wake County, North Carolina","00","37","183","053003","5",,,,586,163,97,5,18,115,614,175,108,5,20,106
"371830530041","371830530041","371830530041, 37183053004, Wake County, North Carolina","00","37","183","053004","1",,,,1185,93,117,3,7,76,1239,100,129,3,7,71
"371830530042","371830530042","371830530042, 37183053004, Wake County, North Carolina","00","37","183","053004","2",,,,1145,73,135,0,13,121,1205,77,150,0,14,112
"371830530051","371830530051","371830530051, 37183053005, Wake County, North Carolina","00","37","183","053005","1",,,,602,9,36,0,4,28,630,9,38,0,4,27
"371830530052","371830530052","371830530052, 37183053005, Wake County, North Carolina","00","37","183","053005","2",,,,612,8,22,0,5,41,647,8,23,0,5,38
"371830530053","371830530053","371830530053, 37183053005, Wake County, North Carolina","00","37","183","053005","3",,,,1370,33,52,4,29,113,1439,35,59,4,32,105
"371830530054","371830530054","371830530054, 37183053005, Wake County, North Carolina","00","37","183","053005","4",,,,1697,38,111,3,26,126,1782,41,123,3,29,116
"371830530061","371830530061","371830530061, 37183053006, Wake County, North Carolina","00","37","183","053006","1",,,,979,29,16,4,18,68,1028,31,18,4,20,62
"371830530062","371830530062","371830530062, 37183053006, Wake County, North Carolina","00","37","183","053006","2",,,,834,27,21,3,17,74,877,29,23,3,19,69
"371830530063","371830530063","371830530063, 37183053006, Wake County, North Carolina","00","37","183","053006","3",,,,934,10,45,4,21,56,981,10,49,4,23,51
"371830530071","371830530071","371830530071, 37183053007, Wake County, North Carolina","00","37","183","053007","1",,,,1225,80,325,6,43,129,1279,84,358,6,47,119
"371830530072","371830530072","371830530072, 37183053007, Wake County, North Carolina","00","37","183","053007","2",,,,590,32,21,3,28,43,618,34,23,3,31,38
"371830530073","371830530073","371830530073, 37183053007, Wake County, North Carolina","00","37","183","053007","3",,,,938,26,42,9,24,83,989,28,46,10,27,77
"371830530091","371830530091","371830530091, 37183053009, Wake County, North Carolina","00","37","183","053009","1",,,,1037,397,34,17,365,101,1076,420,36,18,399,92
"371830530092","371830530092","371830530092, 37183053009, Wake County, North Carolina","00","37","183","053009","2",,,,720,82,30,17,98,122,757,89,33,18,108,112
"371830530093","371830530093","371830530093, 37183053009, Wake County, North Carolina","00","37","183","053009","3",,,,535,68,7,12,489,111,557,71,7,13,535,102
"371830530094","371830530094","371830530094, 37183053009, Wake County, North Carolina","00","37","183","053009","4",,,,1223,246,80,9,30,157,1287,264,89,11,32,145
"371830530095","371830530095","371830530095, 37183053009, Wake County, North Carolina","00","37","183","053009","5",,,,1824,517,71,53,771,302,1898,550,78,58,843,276
"371830530101","371830530101","371830530101, 37183053010, Wake County, North Carolina","00","37","183","053010","1",,,,1178,267,108,11,144,133,1232,286,118,12,158,122
"371830530102","371830530102","371830530102, 37183053010, Wake County, North Carolina","00","37","183","053010","2",,,,1298,68,29,5,148,142,1363,73,32,5,163,131
"371830530103","371830530103","371830530103, 37183053010, Wake County, North Carolina","00","37","183","053010","3",,,,945,68,45,4,13,94,995,72,49,4,14,86
"371830530111","371830530111","371830530111, 37183053011, Wake County, North Carolina","00","37","183","053011","1",,,,726,74,335,5,24,111,757,78,367,5,26,102
"371830530112","371830530112","371830530112, 37183053011, Wake County, North Carolina","00","37","183","053011","2",,,,476,207,49,3,58,90,498,221,53,3,65,84
"371830530113","371830530113","371830530113, 37183053011, Wake County, North Carolina","00","37","183","053011","3",,,,727,169,67,3,47,63,757,180,75,3,51,58
"371830530114","371830530114","371830530114, 37183053011, Wake County, North Carolina","00","37","183","053011","4",,,,669,183,110,3,80,89,698,195,121,3,89,82
"371830531051","371830531051","371830531051, 37183053105, Wake County, North Carolina","00","37","183","053105","1",,,,2162,272,83,18,117,231,2272,293,93,19,129,213
"371830531052","371830531052","371830531052, 37183053105, Wake County, North Carolina","00","37","183","053105","2",,,,2021,303,40,15,175,239,2118,326,44,16,194,220
"371830531061","371830531061","371830531061, 37183053106, Wake County, North Carolina","00","37","183","053106","1",,,,843,698,13,9,143,176,878,744,14,10,156,162
"371830531062","371830531062","371830531062, 37183053106, Wake County, North Carolina","00","37","183","053106","2",,,,1697,165,43,12,51,142,1786,177,47,13,56,131
"371830531091","371830531091","371830531091, 37183053109, Wake County, North Carolina","00","37","183","053109","1",,,,1910,151,27,30,214,283,2011,163,29,33,238,262
"371830531092","371830531092","371830531092, 37183053109, Wake County, North Carolina","00","37","183","053109","2",,,,3425,354,90,25,209,333,3597,380,99,28,231,308
"371830531093","371830531093","371830531093, 37183053109, Wake County, North Carolina","00","37","183","053109","3",,,,2881,166,56,22,45,264,3032,179,63,23,49,244
"371830531101","371830531101","371830531101, 37183053110, Wake County, North Carolina","00","37","183","053110","1",,,,1894,505,127,13,188,230,1982,539,139,14,207,211
"371830531102","371830531102","371830531102, 37183053110, Wake County, North Carolina","00","37","183","053110","2",,,,1414,240,39,14,159,164,1481,255,42,16,176,151
"371830531103","371830531103","371830531103, 37183053110, Wake County, North Carolina","00","37","183","053110","3",,,,1074,141,11,24,127,193,1129,152,12,27,141,179
"371830531111","371830531111","371830531111, 37183053111, Wake County, North Carolina","00","37","183","053111","1",,,,1989,180,32,11,59,134,2089,193,34,12,65,124
"371830531112","371830531112","371830531112, 37183053111, Wake County, North Carolina","00","37","183","053111","2",,,,1483,249,82,6,170,211,1555,268,91,6,188,195
"371830531113","371830531113","371830531113, 37183053111, Wake County, North Carolina","00","37","183","053111","3",,,,1153,512,9,15,321,371,1213,551,10,17,357,342
"371830531121","371830531121","371830531121, 37183053112, Wake County, North Carolina","00","37","183","053112","1",,,,1766,433,26,34,124,230,1850,465,28,37,137,212
"371830531122","371830531122","371830531122, 37183053112, Wake County, North Carolina","00","37","183","053112","2",,,,1277,202,28,3,51,113,1341,217,31,3,55,105
"371830531123","371830531123","371830531123, 37183053112, Wake County, North Carolina","00","37","183","053112","3",,,,1823,332,43,6,65,205,1920,357,47,6,71,189
"371830531131","371830531131","371830531131, 37183053113, Wake County, North Carolina","00","37","183","053113","1",,,,515,92,17,2,56,66,540,100,18,2,62,61
"371830531132","371830531132","371830531132, 37183053113, Wake County, North Carolina","00","37","183","053113","2",,,,1054,358,34,24,58,122,1104,384,36,27,64,112
"371830531133","371830531133","371830531133, 37183053113, Wake County, North Carolina","00","37","183","053113","3",,,,738,131,21,17,56,82,774,141,22,18,62,75
"371830531134","371830531134","371830531134, 37183053113, Wake County, North Carolina","00","37","183","053113","4",,,,1556,453,47,10,49,291,1642,490,52,12,54,270
"371830531141","371830531141","371830531141, 37183053114, Wake County, North Carolina","00","37","183","053114","1",,,,885,212,5,9,88,133,931,228,5,11,98,122
"371830531142","371830531142","371830531142, 37183053114, Wake County, North Carolina","00","37","183","053114","2",,,,994,201,27,6,44,117,1045,217,30,6,48,108
"371830531143","371830531143","371830531143, 37183053114, Wake County, North Carolina","00","37","183","053114","3",,,,2092,190,59,7,52,180,2200,204,65,8,58,166
"371830531144","371830531144","371830531144, 37183053114, Wake County, North Carolina","00","37","183","053114","4",,,,716,67,2,12,15,75,754,72,2,13,16,70
"371830531145","371830531145","371830531145, 37183053114, Wake County, North Carolina","00","37","183","053114","5",,,,944,123,36,4,59,109,994,132,39,4,65,101
"371830531151","371830531151","371830531151, 37183053115, Wake County, North Carolina","00","37","183","053115","1",,,,952,91,5,1,22,73,1001,99,5,1,24,67
"371830531152","371830531152","371830531152, 37183053115, Wake County, North Carolina","00","37","183","053115","2",,,,568,58,16,5,17,69,602,62,17,5,18,64
"371830531153","371830531153","371830531153, 37183053115, Wake County, North Carolina","00","37","183","053115","3",,,,614,88,7,5,203,99,640,94,8,5,223,91
"371830532021","371830532021","371830532021, 37183053202, Wake County, North Carolina","00","37","183","053202","1",,,,2055,109,46,4,44,141,2162,118,50,4,48,129
"371830532022","371830532022","371830532022, 37183053202, Wake County, North Carolina","00","37","183","053202","2",,,,1724,184,43,6,25,95,1806,197,47,6,28,87
"371830532031","371830532031","371830532031, 37183053203, Wake County, North Carolina","00","37","183","053203","1",,,,4599,609,412,18,170,532,4828,655,455,19,189,491
"371830532032","371830532032","371830532032, 37183053203, Wake County, North Carolina","00","37","183","053203","2",,,,3604,373,287,13,88,340,3778,400,318,14,97,312
"371830532041","371830532041","371830532041, 37183053204, Wake County, North Carolina","00","37","183","053204","1",,,,1860,438,76,10,75,226,1949,470,84,11,82,208
"371830532042","371830532042","371830532042, 37183053204, Wake County, North Carolina","00","37","183","053204","2",,,,1528,403,53,20,135,204,1599,431,60,21,148,187
"371830532051","371830532051","371830532051, 37183053205, Wake County, North Carolina","00","37","183","053205","1",,,,2964,385,110,18,71,290,3117,413,122,19,79,267
"371830532052","371830532052","371830532052, 37183053205, Wake County, North Carolina","00","37","183","053205","2",,,,1839,184,186,3,66,223,1933,198,206,3,74,206
"371830532061","371830532061","371830532061, 37183053206, Wake County, North Carolina","00","37","183","053206","1",,,,1395,428,107,14,149,225,1462,459,118,15,164,207
"371830532062","371830532062","371830532062, 37183053206, Wake County, North Carolina","00","37","183","053206","2",,,,1412,265,152,14,27,148,1477,284,168,15,30,135
"371830532063","371830532063","371830532063, 37183053206, Wake County, North Carolina","00","37","183","053206","3",,,,990,155,95,3,49,109,1040,167,105,3,53,101
"371830532081","371830532081","371830532081, 37183053208, Wake County, North Carolina","00","37","183","053208","1",,,,5364,305,487,24,96,604,5639,329,539,27,107,558
"371830532082","371830532082","371830532082, 37183053208, Wake County, North Carolina","00","37","183","053208","2",,,,4750,308,216,26,94,503,4999,332,240,29,104,465
"371830532091","371830532091","371830532091, 37183053209, Wake County, North Carolina","00","37","183","053209","1",,,,1320,123,29,4,170,123,1381,131,31,4,188,113
"371830532092","371830532092","371830532092, 37183053209, Wake County, North Carolina","00","37","183","053209","2",,,,1041,185,17,6,31,135,1098,200,18,6,34,124
"371830532101","371830532101","371830532101, 37183053210, Wake County, North Carolina","00","37","183","053210","1",,,,4316,301,236,13,210,414,4534,323,260,15,233,382
"371830532111","371830532111","371830532111, 37183053211, Wake County, North Carolina","00","37","183","053211","1",,,,4424,254,148,13,61,402,4655,274,163,15,68,371
"371830532112","371830532112","371830532112, 37183053211, Wake County, North Carolina","00","37","183","053211","2",,,,2401,203,82,7,119,252,2524,219,91,7,131,232
"371830534051","371830534051","371830534051, 37183053405, Wake County, North Carolina","00","37","183","053405","1",,,,1011,33,85,0,20,83,1068,35,95,0,21,77
"371830534052","371830534052","371830534052, 37183053405, Wake County, North Carolina","00","37","183","053405","2",,,,2051,140,335,10,25,217,2150,150,370,12,27,199
"371830534053","371830534053","371830534053, 37183053405, Wake County, North Carolina","00","37","183","053405","3",,,,1201,82,106,3,19,62,1259,87,117,3,20,57
"371830534081","371830534081","371830534081, 37183053408, Wake County, North Carolina","00","37","183","053408","1",,,,1227,85,1236,10,21,182,1259,90,1334,11,22,165
"371830534082","371830534082","371830534082, 37183053408, Wake County, North Carolina","00","37","183","053408","2",,,,1149,18,259,1,9,90,1203,19,286,1,10,82
"371830534091","371830534091","371830534091, 37183053409, Wake County, North Carolina","00","37","183","053409","1",,,,1284,59,573,5,18,127,1333,63,625,5,19,116
"371830534092","371830534092","371830534092, 37183053409, Wake County, North Carolina","00","37","183","053409","2",,,,1727,76,363,1,9,171,1804,81,401,1,10,157
"371830534093","371830534093","371830534093, 37183053409, Wake County, North Carolina","00","37","183","053409","3",,,,1559,113,571,6,40,304,1632,122,629,6,44,279
"371830534101","371830534101","371830534101, 37183053410, Wake County, North Carolina","00","37","183","053410","1",,,,1578,253,1968,11,42,217,1618,265,2126,12,45,195
"371830534102","371830534102","371830534102, 37183053410, Wake County, North Carolina","00","37","183","053410","2",,,,1386,85,851,5,31,204,1439,91,929,5,33,186
"371830534111","371830534111","371830534111, 37183053411, Wake County, North Carolina","00","37","183","053411","1",,,,3157,821,4662,20,142,640,3236,860,5031,21,153,576
"371830534112","371830534112","371830534112, 37183053411, Wake County, North Carolina","00","37","183","053411","2",,,,1371,214,1591,22,94,239,1410,224,1724,23,101,216
"371830534113","371830534113","371830534113, 37183053411, Wake County, North Carolina","00","37","183","053411","3",,,,1566,141,427,2,30,157,1632,151,468,2,33,144
"371830534151","371830534151","371830534151, 37183053415, Wake County, North Carolina","00","37","183","053415","1",,,,631,48,117,1,7,80,662,51,129,1,7,74
"371830534152","371830534152","371830534152, 37183053415, Wake County, North Carolina","00","37","183","053415","2",,,,906,41,68,0,6,94,954,44,76,0,6,87
"371830534153","371830534153","371830534153, 37183053415, Wake County, North Carolina","00","37","183","053415","3",,,,1737,290,703,7,73,330,1815,309,773,7,81,303
"371830534171","371830534171","371830534171, 37183053417, Wake County, North Carolina","00","37","183","053417","1",,,,1625,394,235,10,101,313,1704,423,259,12,111,289
"371830534172","371830534172","371830534172, 37183053417, Wake County, North Carolina","00","37","183","053417","2",,,,1432,217,233,1,62,224,1502,233,257,1,69,206
"371830534191","371830534191","371830534191, 37183053419, Wake County, North Carolina","00","37","183","053419","1",,,,643,23,61,4,11,68,675,24,68,4,12,63
"371830534192","371830534192","371830534192, 37183053419, Wake County, North Carolina","00","37","183","053419","2",,,,1820,105,89,3,16,138,1916,114,98,3,17,127
"371830534211","371830534211","371830534211, 37183053421, Wake County, North Carolina","00","37","183","053421","1",,,,1948,278,549,6,60,269,2036,296,604,6,66,246
"371830534212","371830534212","371830534212, 37183053421, Wake County, North Carolina","00","37","183","053421","2",,,,1990,284,190,5,161,194,2081,304,210,5,178,179
"371830534221","371830534221","371830534221, 37183053422, Wake County, North Carolina","00","37","183","053422","1",,,,1920,106,194,5,46,201,2016,115,215,5,50,185
"371830534231","371830534231","371830534231, 37183053423, Wake County, North Carolina","00","37","183","053423","1",,,,1078,64,87,2,44,117,1131,69,96,2,48,109
"371830534232","371830534232","371830534232, 37183053423, Wake County, North Carolina","00","37","183","053423","2",,,,553,67,61,4,18,85,582,72,68,4,20,79
"371830534241","371830534241","371830534241, 37183053424, Wake County, North Carolina","00","37","183","053424","1",,,,1301,76,309,3,29,164,1359,81,341,3,31,151
"371830534242","371830534242","371830534242, 37183053424, Wake County, North Carolina","00","37","183","053424","2",,,,1728,189,806,7,39,276,1797,201,882,7,43,252
"371830534251","371830534251","371830534251, 37183053425, Wake County, North Carolina","00","37","183","053425","1",,,,1276,68,390,0,23,102,1328,72,427,0,25,93
"371830534252","371830534252","371830534252, 37183053425, Wake County, North Carolina","00","37","183","053425","2",,,,317,49,904,2,19,88,323,50,972,2,20,79
"371830534261","371830534261","371830534261, 37183053426, Wake County, North Carolina","00","37","183","053426","1",,,,1429,158,2834,6,58,265,1456,165,3037,6,63,238
"371830534262","371830534262","371830534262, 37183053426, Wake County, North Carolina","00","37","183","053426","2",,,,1456,112,1356,6,55,191,1498,119,1468,6,60,173
"371830534271","371830534271","371830534271, 37183053427, Wake County, North Carolina","00","37","183","053427","1",,,,2121,100,405,0,48,214,2220,108,446,0,52,197
"371830534272","371830534272","371830534272, 37183053427, Wake County, North Carolina","00","37","183","053427","2",,,,2187,237,314,6,71,299,2296,254,347,6,79,275
"371830534281","371830534281","371830534281, 37183053428, Wake County, North Carolina","00","37","183","053428","1",,,,1662,110,118,6,41,182,1747,119,131,6,45,168
"371830534282","371830534282","371830534282, 37183053428, Wake County, North Carolina","00","37","183","053428","2",,,,1654,156,509,3,40,261,1731,168,561,3,44,240
"371830534283","371830534283","371830534283, 37183053428, Wake County, North Carolina","00","37","183","053428","3",,,,6127,505,1572,42,161,832,6411,539,1731,46,178,765
"371830534291","371830534291","371830534291, 37183053429, Wake County, North Carolina","00","37","183","053429","1",,,,559,35,12,1,57,45,586,38,13,1,64,41
"371830534292","371830534292","371830534292, 37183053429, Wake County, North Carolina","00","37","183","053429","2",,,,1851,119,250,8,61,186,1938,128,275,9,67,172
"371830534301","371830534301","371830534301, 37183053430, Wake County, North Carolina","00","37","183","053430","1",,,,1117,290,184,11,113,150,1166,311,203,12,124,138
"371830534302","371830534302","371830534302, 37183053430, Wake County, North Carolina","00","37","183","053430","2",,,,740,43,76,2,9,76,778,46,84,2,10,71
"371830534303","371830534303","371830534303, 37183053430, Wake County, North Carolina","00","37","183","053430","3",,,,987,94,172,1,19,111,1034,101,190,1,20,103
"371830534311","371830534311","371830534311, 37183053431, Wake County, North Carolina","00","37","183","053431","1",,,,2054,471,338,12,205,351,2149,504,372,13,226,323
"371830534312","371830534312","371830534312, 37183053431, Wake County, North Carolina","00","37","183","053431","2",,,,1280,306,243,30,388,180,1329,325,265,32,425,165
"371830534321","371830534321","371830534321, 37183053432, Wake County, North Carolina","00","37","183","053432","1",,,,2156,540,147,12,114,318,2266,580,163,14,126,293
"371830534331","371830534331","371830534331, 37183053433, Wake County, North Carolina","00","37","183","053433","1",,,,1167,48,126,2,34,134,1229,52,139,2,37,124
"371830534332","371830534332","371830534332, 37183053433, Wake County, North Carolina","00","37","183","053433","2",,,,2541,72,110,3,39,184,2673,76,122,3,43,170
"371830534341","371830534341","371830534341, 37183053434, Wake County, North Carolina","00","37","183","053434","1",,,,698,10,48,1,8,74,737,10,52,1,9,69
"371830534342","371830534342","371830534342, 37183053434, Wake County, North Carolina","00","37","183","053434","2",,,,564,23,73,7,23,92,596,25,81,7,26,85
"371830534343","371830534343","371830534343, 37183053434, Wake County, North Carolina","00","37","183","053434","3",,,,2184,460,156,9,249,265,2283,491,172,10,274,244
"371830534351","371830534351","371830534351, 37183053435, Wake County, North Carolina","00","37","183","053435","1",,,,2839,154,336,25,55,334,2980,165,371,28,62,309
"371830534361","371830534361","371830534361, 37183053436, Wake County, North Carolina","00","37","183","053436","1",,,,963,83,70,12,284,191,1011,90,78,13,314,177
"371830534362","371830534362","371830534362, 37183053436, Wake County, North Carolina","00","37","183","053436","2",,,,1321,82,91,7,45,127,1388,88,100,7,49,117
"371830535051","371830535051","371830535051, 37183053505, Wake County, North Carolina","00","37","183","053505","1",,,,1111,52,42,5,30,78,1168,56,46,5,33,73
"371830535052","371830535052","371830535052, 37183053505, Wake County, North Carolina","00","37","183","053505","2",,,,999,47,71,5,22,117,1051,50,79,5,23,108
"371830535053","371830535053","371830535053, 37183053505, Wake County, North Carolina","00","37","183","053505","3",,,,952,67,173,0,34,112,999,71,192,0,37,103
"371830535061","371830535061","371830535061, 37183053506, Wake County, North Carolina","00","37","183","053506","1",,,,655,40,22,2,64,86,690,43,25,2,72,80
"371830535062","371830535062","371830535062, 37183053506, Wake County, North Carolina","00","37","183","053506","2",,,,834,40,54,8,24,96,875,43,60,9,26,88
"371830535063","371830535063","371830535063, 37183053506, Wake County, North Carolina","00","37","183","053506","3",,,,1292,69,47,2,57,89,1351,74,51,2,63,82
"371830535064","371830535064","371830535064, 37183053506, Wake County, North Carolina","00","37","183","053506","4",,,,1905,255,155,13,49,160,1991,273,171,15,53,147
"371830535071","371830535071","371830535071, 37183053507, Wake County, North Carolina","00","37","183","053507","1",,,,579,43,38,3,40,71,608,46,42,3,44,65
"371830535072","371830535072","371830535072, 37183053507, Wake County, North Carolina","00","37","183","053507","2",,,,892,355,138,17,184,154,930,379,151,19,202,141
"371830535073","371830535073","371830535073, 37183053507, Wake County, North Carolina","00","37","183","053507","3",,,,1233,79,48,5,47,85,1294,83,52,5,51,78
"371830535091","371830535091","371830535091, 37183053509, Wake County, North Carolina","00","37","183","053509","1",,,,1398,14,79,1,8,96,1470,15,87,1,10,89
"371830535092","371830535092","371830535092, 37183053509, Wake County, North Carolina","00","37","183","053509","2",,,,1706,42,107,9,22,114,1788,45,118,10,25,105
"371830535093","371830535093","371830535093, 37183053509, Wake County, North Carolina","00","37","183","053509","3",,,,1162,65,299,5,48,129,1217,69,329,5,52,118
"371830535121","371830535121","371830535121, 37183053512, Wake County, North Carolina","00","37","183","053512","1",,,,2088,188,584,6,47,261,2181,201,643,6,51,239
"371830535122","371830535122","371830535122, 37183053512, Wake County, North Carolina","00","37","183","053512","2",,,,1696,305,308,9,58,180,1768,326,339,10,64,165
"371830535123","371830535123","371830535123, 37183053512, Wake County, North Carolina","00","37","183","053512","3",,,,921,189,165,0,42,124,964,202,183,0,46,114
"371830535131","371830535131","371830535131, 37183053513, Wake County, North Carolina","00","37","183","053513","1",,,,1167,531,355,17,133,231,1219,566,389,19,145,211
"371830535132","371830535132","371830535132, 37183053513, Wake County, North Carolina","00","37","183","053513","2",,,,1053,323,147,7,324,208,1100,345,160,7,356,190
"371830535161","371830535161","371830535161, 37183053516, Wake County, North Carolina","00","37","183","053516","1",,,,1165,413,177,5,312,241,1217,440,195,5,343,220
"371830535162","371830535162","371830535162, 37183053516, Wake County, North Carolina","00","37","183","053516","2",,,,885,63,73,5,20,157,938,68,81,5,22,146
"371830535171","371830535171","371830535171, 37183053517, Wake County, North Carolina","00","37","183","053517","1",,,,440,235,140,47,899,528,461,251,154,51,991,485
"371830535172","371830535172","371830535172, 37183053517, Wake County, North Carolina","00","37","183","053517","2",,,,272,74,25,22,303,137,284,78,27,24,334,125
"371830535173","371830535173","371830535173, 37183053517, Wake County, North Carolina","00","37","183","053517","3",,,,702,81,30,27,55,106,740,88,33,30,61,98
"371830535174","371830535174","371830535174, 37183053517, Wake County, North Carolina","00","37","183","053517","4",,,,302,85,28,5,69,65,313,92,31,5,76,60
"371830535181","371830535181","371830535181, 37183053518, Wake County, North Carolina","00","37","183","053518","1",,,,1065,66,29,2,30,98,1124,71,32,2,33,91
"371830535182","371830535182","371830535182, 37183053518, Wake County, North Carolina","00","37","183","053518","2",,,,1197,40,58,1,30,122,1261,43,64,1,33,112
"371830535183","371830535183","371830535183, 37183053518, Wake County, North Carolina","00","37","183","053518","3",,,,657,39,46,1,16,67,692,42,50,1,18,61
"371830535191","371830535191","371830535191, 37183053519, Wake County, North Carolina","00","37","183","053519","1",,,,1073,73,46,2,48,89,1127,77,50,2,52,83
"371830535192","371830535192","371830535192, 37183053519, Wake County, North Carolina","00","37","183","053519","2",,,,1254,510,142,13,375,350,1313,547,156,14,414,322
"371830535201","371830535201","371830535201, 37183053520, Wake County, North Carolina","00","37","183","053520","1",,,,886,244,165,7,163,212,927,262,183,7,181,195
"371830535202","371830535202","371830535202, 37183053520, Wake County, North Carolina","00","37","183","053520","2",,,,1449,364,201,11,154,177,1514,389,221,12,170,162
"371830535203","371830535203","371830535203, 37183053520, Wake County, North Carolina","00","37","183","053520","3",,,,747,458,136,7,256,196,778,488,149,7,281,178
"371830535211","371830535211","371830535211, 37183053521, Wake County, North Carolina","00","37","183","053521","1",,,,1406,127,353,7,33,149,1467,136,387,7,36,137
"371830535212","371830535212","371830535212, 37183053521, Wake County, North Carolina","00","37","183","053521","2",,,,1162,119,241,3,28,112,1212,127,265,3,30,103
"371830535221","371830535221","371830535221, 37183053522, Wake County, North Carolina","00","37","183","053522","1",,,,1714,163,1054,7,54,189,1770,172,1145,7,58,172
"371830535222","371830535222","371830535222, 37183053522, Wake County, North Carolina","00","37","183","053522","2",,,,700,228,379,2,50,90,723,241,413,2,55,82
"371830535223","371830535223","371830535223, 37183053522, Wake County, North Carolina","00","37","183","053522","3",,,,1271,369,2056,12,118,190,1297,384,2208,13,126,171
"371830535231","371830535231","371830535231, 37183053523, Wake County, North Carolina","00","37","183","053523","1",,,,1739,171,524,11,80,168,1809,183,575,12,88,154
"371830535232","371830535232","371830535232, 37183053523, Wake County, North Carolina","00","37","183","053523","2",,,,1625,231,943,12,85,287,1684,245,1030,14,93,262
"371830535241","371830535241","371830535241, 37183053524, Wake County, North Carolina","00","37","183","053524","1",,,,945,190,328,5,65,154,984,202,360,5,72,141
"371830535242","371830535242","371830535242, 37183053524, Wake County, North Carolina","00","37","183","053524","2",,,,1462,184,248,7,114,190,1533,197,273,7,126,175
"371830535251","371830535251","371830535251, 37183053525, Wake County, North Carolina","00","37","183","053525","1",,,,623,63,31,4,17,83,658,68,34,4,19,77
"371830535252","371830535252","371830535252, 37183053525, Wake County, North Carolina","00","37","183","053525","2",,,,1397,215,201,3,42,196,1467,231,223,3,46,180
"371830536031","371830536031","371830536031, 37183053603, Wake County, North Carolina","00","37","183","053603","1",,,,1154,123,662,9,32,134,1195,129,719,10,34,121
"371830536032","371830536032","371830536032, 37183053603, Wake County, North Carolina","00","37","183","053603","2",,,,1132,61,1010,4,14,121,1165,64,1094,4,15,109
"371830536041","371830536041","371830536041, 37183053604, Wake County, North Carolina","00","37","183","053604","1",,,,841,52,782,4,26,108,866,54,847,4,28,98
"371830536042","371830536042","371830536042, 37183053604, Wake County, North Carolina","00","37","183","053604","2",,,,1639,74,749,3,33,156,1699,78,817,3,35,142
"371830536081","371830536081","371830536081, 37183053608, Wake County, North Carolina","00","37","183","053608","1",,,,1117,417,2583,14,100,246,1140,435,2772,15,107,220
"371830536082","371830536082","371830536082, 37183053608, Wake County, North Carolina","00","37","183","053608","2",,,,1026,263,2079,17,61,166,1043,274,2224,18,66,149
"371830536091","371830536091","371830536091, 37183053609, Wake County, North Carolina","00","37","183","053609","1",,,,709,250,586,2,66,126,732,264,637,2,71,114
"371830536111","371830536111","371830536111, 37183053611, Wake County, North Carolina","00","37","183","053611","1",,,,416,123,893,4,16,110,424,128,961,4,17,99
"371830536112","371830536112","371830536112, 37183053611, Wake County, North Carolina","00","37","183","053611","2",,,,650,160,1275,5,40,95,661,167,1366,5,43,85
"371830536113","371830536113","371830536113, 37183053611, Wake County, North Carolina","00","37","183","053611","3",,,,695,201,1017,11,31,122,710,210,1096,12,33,110
"371830536114","371830536114","371830536114, 37183053611, Wake County, North Carolina","00","37","183","053611","4",,,,529,142,291,1,23,101,548,151,319,1,26,93
"371830536121","371830536121","371830536121, 37183053612, Wake County, North Carolina","00","37","183","053612","1",,,,145,100,988,0,12,28,145,103,1047,0,13,25
"371830536122","371830536122","371830536122, 37183053612, Wake County, North Carolina","00","37","183","053612","2",,,,807,230,1184,9,80,134,826,241,1275,10,86,120
"371830536131","371830536131","371830536131, 37183053613, Wake County, North Carolina","00","37","183","053613","1",,,,765,398,164,3,35,101,796,423,180,3,38,93
"371830536132","371830536132","371830536132, 37183053613, Wake County, North Carolina","00","37","183","053613","2",,,,721,648,138,3,78,150,751,690,151,3,86,137
"371830536133","371830536133","371830536133, 37183053613, Wake County, North Carolina","00","37","183","053613","3",,,,786,98,261,3,11,128,824,105,289,3,12,117
"371830536141","371830536141","371830536141, 37183053614, Wake County, North Carolina","00","37","183","053614","1",,,,843,75,224,0,19,73,879,79,245,0,21,67
"371830536142","371830536142","371830536142, 37183053614, Wake County, North Carolina","00","37","183","053614","2",,,,788,223,213,10,27,103,822,238,234,11,30,94
"371830536151","371830536151","371830536151, 37183053615, Wake County, North Carolina","00","37","183","053615","1",,,,1028,766,148,0,103,236,1076,818,162,0,113,216
"371830536152","371830536152","371830536152, 37183053615, Wake County, North Carolina","00","37","183","053615","2",,,,1381,947,304,13,74,306,1440,1011,335,14,81,280
"371830536161","371830536161","371830536161, 37183053616, Wake County, North Carolina","00","37","183","053616","1",,,,985,228,660,5,67,117,1017,241,716,5,73,106
"371830536162","371830536162","371830536162, 37183053616, Wake County, North Carolina","00","37","183","053616","2",,,,695,15,79,6,7,77,730,17,88,6,7,71
"371830536163","371830536163","371830536163, 37183053616, Wake County, North Carolina","00","37","183","053616","3",,,,1776,156,494,2,26,224,1857,167,543,2,28,205
"371830536171","371830536171","371830536171, 37183053617, Wake County, North Carolina","00","37","183","053617","1",,,,1009,250,730,7,49,235,1049,267,799,7,52,214
"371830536172","371830536172","371830536172, 37183053617, Wake County, North Carolina","00","37","183","053617","2",,,,1738,732,1716,17,128,326,1789,770,1859,18,139,295
"371830536173","371830536173","371830536173, 37183053617, Wake County, North Carolina","00","37","183","053617","3",,,,1720,236,1568,6,40,287,1774,248,1702,6,44,259
"371830536181","371830536181","371830536181, 37183053618, Wake County, North Carolina","00","37","183","053618","1",,,,815,505,1294,7,51,168,835,528,1395,7,54,150
"371830536182","371830536182","371830536182, 37183053618, Wake County, North Carolina","00","37","183","053618","2",,,,719,271,1117,5,52,150,736,284,1205,5,55,135
"371830536191","371830536191","371830536191, 37183053619, Wake County, North Carolina","00","37","183","053619","1",,,,197,76,154,2,27,43,205,80,169,2,29,38
"371830536201","371830536201","371830536201, 37183053620, Wake County, North Carolina","00","37","183","053620","1",,,,657,144,496,5,51,122,676,152,540,5,55,111
"371830536202","371830536202","371830536202, 37183053620, Wake County, North Carolina","00","37","183","053620","2",,,,786,289,828,11,36,175,810,305,899,12,39,158
"371830536203","371830536203","371830536203, 37183053620, Wake County, North Carolina","00","37","183","053620","3",,,,319,113,886,4,16,74,324,117,948,4,17,67
"371830536204","371830536204","371830536204, 37183053620, Wake County, North Carolina","00","37","183","053620","4",,,,445,147,1032,11,41,56,453,154,1101,12,44,50
"371830537111","371830537111","371830537111, 37183053711, Wake County, North Carolina","00","37","183","053711","1",,,,1519,96,81,1,25,148,1601,103,90,1,28,137
"371830537112","371830537112","371830537112, 37183053711, Wake County, North Carolina","00","37","183","053711","2",,,,1265,56,54,7,4,73,1325,60,60,7,4,68
"371830537113","371830537113","371830537113, 37183053711, Wake County, North Carolina","00","37","183","053711","3",,,,1314,383,44,4,79,175,1382,411,48,4,88,161
"371830537121","371830537121","371830537121, 37183053712, Wake County, North Carolina","00","37","183","053712","1",,,,1357,131,76,4,18,114,1424,141,84,4,19,106
"371830537122","371830537122","371830537122, 37183053712, Wake County, North Carolina","00","37","183","053712","2",,,,1071,45,22,0,12,48,1125,48,23,0,14,44
"371830537131","371830537131","371830537131, 37183053713, Wake County, North Carolina","00","37","183","053713","1",,,,1346,615,44,17,146,206,1409,658,48,18,160,189
"371830537132","371830537132","371830537132, 37183053713, Wake County, North Carolina","00","37","183","053713","2",,,,779,391,48,23,87,102,815,417,52,25,95,93
"371830537141","371830537141","371830537141, 37183053714, Wake County, North Carolina","00","37","183","053714","1",,,,1367,93,62,5,19,137,1438,100,69,5,21,126
"371830537142","371830537142","371830537142, 37183053714, Wake County, North Carolina","00","37","183","053714","2",,,,1728,310,69,4,89,172,1813,332,77,4,99,158
"371830537143","371830537143","371830537143, 37183053714, Wake County, North Carolina","00","37","183","053714","3",,,,852,268,43,1,76,140,895,287,47,1,84,129
"371830537151","371830537151","371830537151, 37183053715, Wake County, North Carolina","00","37","183","053715","1",,,,1221,218,42,1,63,116,1283,234,46,1,69,108
"371830537152","371830537152","371830537152, 37183053715, Wake County, North Carolina","00","37","183","053715","2",,,,1648,62,41,4,12,97,1734,66,45,4,13,90
"371830537161","371830537161","371830537161, 37183053716, Wake County, North Carolina","00","37","183","053716","1",,,,898,195,19,0,23,60,941,208,20,0,26,55
"371830537162","371830537162","371830537162, 37183053716, Wake County, North Carolina","00","37","183","053716","2",,,,913,316,34,7,53,132,956,339,37,7,59,121
"371830537163","371830537163","371830537163, 37183053716, Wake County, North Carolina","00","37","183","053716","3",,,,1017,426,41,1,84,97,1062,455,44,1,92,90
"371830537171","371830537171","371830537171, 37183053717, Wake County, North Carolina","00","37","183","053717","1",,,,1016,166,117,2,37,106,1067,178,129,2,41,98
"371830537172","371830537172","371830537172, 37183053717, Wake County, North Carolina","00","37","183","053717","2",,,,1435,1172,352,29,117,262,1492,1247,385,32,127,239
"371830537181","371830537181","371830537181, 37183053718, Wake County, North Carolina","00","37","183","053718","1",,,,1115,126,97,6,10,139,1177,136,107,6,11,128
"371830537182","371830537182","371830537182, 37183053718, Wake County, North Carolina","00","37","183","053718","2",,,,1488,183,112,3,56,148,1561,196,124,3,62,136
"371830537191","371830537191","371830537191, 37183053719, Wake County, North Carolina","00","37","183","053719","1",,,,705,53,62,1,7,107,745,57,69,1,7,100
"371830537192","371830537192","371830537192, 37183053719, Wake County, North Carolina","00","37","183","053719","2",,,,903,70,52,1,17,99,951,75,57,1,19,93
"371830537193","371830537193","371830537193, 37183053719, Wake County, North Carolina","00","37","183","053719","3",,,,885,80,71,3,23,109,930,85,79,3,26,101
"371830537194","371830537194","371830537194, 37183053719, Wake County, North Carolina","00","37","183","053719","4",,,,682,40,25,1,12,74,721,43,27,1,14,69
"371830537201","371830537201","371830537201, 37183053720, Wake County, North Carolina","00","37","183","053720","1",,,,868,26,25,1,9,58,910,28,28,1,10,53
"371830537202","371830537202","371830537202, 37183053720, Wake County, North Carolina","00","37","183","053720","2",,,,1079,23,23,2,10,81,1137,25,26,2,12,75
"371830537203","371830537203","371830537203, 37183053720, Wake County, North Carolina","00","37","183","053720","3",,,,1916,102,68,6,29,165,2014,110,76,6,32,153
"371830537211","371830537211","371830537211, 37183053721, Wake County, North Carolina","00","37","183","053721","1",,,,693,21,66,1,5,59,728,23,74,1,5,54
"371830537212","371830537212","371830537212, 37183053721, Wake County, North Carolina","00","37","183","053721","2",,,,1299,111,130,14,25,139,1366,120,144,15,28,128
"371830537213","371830537213","371830537213, 37183053721, Wake County, North Carolina","00","37","183","053721","3",,,,1285,19,28,2,12,89,1350,21,31,2,13,83
"371830537221","371830537221","371830537221, 37183053722, Wake County, North Carolina","00","37","183","053722","1",,,,1202,102,34,4,50,85,1258,109,37,4,54,79
"371830537222","371830537222","371830537222, 37183053722, Wake County, North Carolina","00","37","183","053722","2",,,,1525,140,23,1,38,77,1593,149,25,1,42,71
"371830537223","371830537223","371830537223, 37183053722, Wake County, North Carolina","00","37","183","053722","3",,,,961,35,25,0,2,43,1008,38,28,0,2,39
"371830537224","371830537224","371830537224, 37183053722, Wake County, North Carolina","00","37","183","053722","4",,,,597,34,28,0,4,32,627,37,31,0,4,30
"371830537231","371830537231","371830537231, 37183053723, Wake County, North Carolina","00","37","183","053723","1",,,,1430,218,85,5,94,123,1494,232,94,5,103,113
"371830537232","371830537232","371830537232, 37183053723, Wake County, North Carolina","00","37","183","053723","2",,,,1121,114,71,6,41,110,1174,123,79,6,45,102
"371830537241","371830537241","371830537241, 37183053724, Wake County, North Carolina","00","37","183","053724","1",,,,1428,441,398,8,86,242,1491,470,437,9,95,222
"371830537242","371830537242","371830537242, 37183053724, Wake County, North Carolina","00","37","183","053724","2",,,,1169,172,214,8,52,181,1226,185,236,9,58,167
"371830537243","371830537243","371830537243, 37183053724, Wake County, North Carolina","00","37","183","053724","3",,,,1459,145,202,8,28,144,1530,155,222,9,31,132
"371830537251","371830537251","371830537251, 37183053725, Wake County, North Carolina","00","37","183","053725","1",,,,1841,473,208,9,62,271,1932,508,230,10,68,251
"371830537252","371830537252","371830537252, 37183053725, Wake County, North Carolina","00","37","183","053725","2",,,,1067,133,57,6,84,144,1120,143,64,6,93,133
"371830537253","371830537253","371830537253, 37183053725, Wake County, North Carolina","00","37","183","053725","3",,,,952,198,46,8,35,101,998,213,50,9,38,94
"371830537261","371830537261","371830537261, 37183053726, Wake County, North Carolina","00","37","183","053726","1",,,,1069,315,71,7,96,185,1122,338,78,7,107,170
"371830537262","371830537262","371830537262, 37183053726, Wake County, North Carolina","00","37","183","053726","2",,,,727,446,71,7,167,171,761,477,78,7,184,157
"371830537271","371830537271","371830537271, 37183053727, Wake County, North Carolina","00","37","183","053727","1",,,,1223,329,112,3,78,182,1284,354,125,3,86,168
"371830537272","371830537272","371830537272, 37183053727, Wake County, North Carolina","00","37","183","053727","2",,,,891,50,68,5,18,158,940,54,77,5,20,147
"371830537273","371830537273","371830537273, 37183053727, Wake County, North Carolina","00","37","183","053727","3",,,,1664,257,80,0,35,127,1740,275,89,0,38,116
"371830537281","371830537281","371830537281, 37183053728, Wake County, North Carolina","00","37","183","053728","1",,,,552,360,63,8,110,107,575,383,69,10,121,97
"371830537282","371830537282","371830537282, 37183053728, Wake County, North Carolina","00","37","183","053728","2",,,,1034,299,85,7,92,115,1080,319,93,7,101,106
"371830537291","371830537291","371830537291, 37183053729, Wake County, North Carolina","00","37","183","053729","1",,,,1798,69,53,5,22,104,1888,74,59,5,25,96
"371830537292","371830537292","371830537292, 37183053729, Wake County, North Carolina","00","37","183","053729","2",,,,1469,498,59,4,113,166,1535,532,65,4,124,152
"371830537301","371830537301","371830537301, 37183053730, Wake County, North Carolina","00","37","183","053730","1",,,,438,258,22,8,104,71,457,275,25,9,114,65
"371830537302","371830537302","371830537302, 37183053730, Wake County, North Carolina","00","37","183","053730","2",,,,875,344,33,9,106,154,916,369,36,10,117,142
"371830538031","371830538031","371830538031, 37183053803, Wake County, North Carolina","00","37","183","053803","1",,,,2184,82,108,7,16,172,2298,88,120,7,17,159
"371830538032","371830538032","371830538032, 37183053803, Wake County, North Carolina","00","37","183","053803","2",,,,1232,59,66,9,15,101,1294,63,73,10,17,93
"371830538041","371830538041","371830538041, 37183053804, Wake County, North Carolina","00","37","183","053804","1",,,,2175,160,96,10,14,172,2282,171,106,12,15,159
"371830538042","371830538042","371830538042, 37183053804, Wake County, North Carolina","00","37","183","053804","2",,,,1235,104,38,4,12,92,1296,112,42,4,13,86
"371830538051","371830538051","371830538051, 37183053805, Wake County, North Carolina","00","37","183","053805","1",,,,1132,23,43,1,13,89,1195,24,47,1,15,83
"371830538052","371830538052","371830538052, 37183053805, Wake County, North Carolina","00","37","183","053805","2",,,,643,22,23,3,8,51,681,24,26,3,9,48
"371830538061","371830538061","371830538061, 37183053806, Wake County, North Carolina","00","37","183","053806","1",,,,2233,82,59,2,24,131,2345,87,66,2,27,120
"371830538062","371830538062","371830538062, 37183053806, Wake County, North Carolina","00","37","183","053806","2",,,,1020,31,52,1,7,61,1074,33,57,1,7,56
"371830538071","371830538071","371830538071, 37183053807, Wake County, North Carolina","00","37","183","053807","1",,,,1399,162,84,0,37,111,1466,173,93,0,40,102
"371830538072","371830538072","371830538072, 37183053807, Wake County, North Carolina","00","37","183","053807","2",,,,2088,67,83,9,15,115,2192,71,92,10,17,106
"371830538081","371830538081","371830538081, 37183053808, Wake County, North Carolina","00","37","183","053808","1",,,,860,52,43,2,17,45,901,55,47,2,18,40
"371830538082","371830538082","371830538082, 37183053808, Wake County, North Carolina","00","37","183","053808","2",,,,1317,47,58,5,4,73,1383,51,64,5,4,67
"371830538083","371830538083","371830538083, 37183053808, Wake County, North Carolina","00","37","183","053808","3",,,,1849,102,109,0,11,145,1943,109,121,0,12,133
"371830538084","371830538084","371830538084, 37183053808, Wake County, North Carolina","00","37","183","053808","4",,,,736,51,43,1,6,69,778,55,47,1,6,64
"371830539011","371830539011","371830539011, 37183053901, Wake County, North Carolina","00","37","183","053901","1",,,,985,32,23,1,17,87,1033,33,26,1,18,80
"371830539012","371830539012","371830539012, 37183053901, Wake County, North Carolina","00","37","183","053901","2",,,,986,76,40,0,21,81,1039,81,44,0,23,75
"371830539013","371830539013","371830539013, 37183053901, Wake County, North Carolina","00","37","183","053901","3",,,,1924,198,136,6,39,180,2023,212,150,6,43,166
"371830539021","371830539021","371830539021, 37183053902, Wake County, North Carolina","00","37","183","053902","1",,,,1002,88,19,6,37,73,1054,95,20,6,41,67
"371830539022","371830539022","371830539022, 37183053902, Wake County, North Carolina","00","37","183","053902","2",,,,2356,175,78,12,30,184,2477,188,86,13,33,169
"371830539023","371830539023","371830539023, 37183053902, Wake County, North Carolina","00","37","183","053902","3",,,,1807,129,54,7,69,124,1897,139,60,7,77,114
"371830540011","371830540011","371830540011, 37183054001, Wake County, North Carolina","00","37","183","054001","1",,,,1214,262,37,3,76,119,1272,281,40,3,85,109
"371830540012","371830540012","371830540012, 37183054001, Wake County, North Carolina","00","37","183","054001","2",,,,1311,199,38,5,46,147,1382,213,43,5,50,136
"371830540013","371830540013","371830540013, 37183054001, Wake County, North Carolina","00","37","183","054001","3",,,,859,809,66,12,152,171,893,860,72,13,167,156
"371830540041","371830540041","371830540041, 37183054004, Wake County, North Carolina","00","37","183","054004","1",,,,1285,73,39,4,11,97,1352,78,44,4,13,89
"371830540042","371830540042","371830540042, 37183054004, Wake County, North Carolina","00","37","183","054004","2",,,,861,191,31,7,32,114,903,205,34,7,35,105
"371830540043","371830540043","371830540043, 37183054004, Wake County, North Carolina","00","37","183","054004","3",,,,680,499,40,21,233,159,706,531,44,22,256,146
"371830540044","371830540044","371830540044, 37183054004, Wake County, North Carolina","00","37","183","054004","4",,,,299,389,17,14,205,92,309,412,18,15,224,83
"371830540061","371830540061","371830540061, 37183054006, Wake County, North Carolina","00","37","183","054006","1",,,,984,739,225,9,174,207,1025,787,246,10,191,189
"371830540062","371830540062","371830540062, 37183054006, Wake County, North Carolina","00","37","183","054006","2",,,,789,66,35,0,12,63,830,70,38,0,13,58
"371830540071","371830540071","371830540071, 37183054007, Wake County, North Carolina","00","37","183","054007","1",,,,1301,380,36,22,79,172,1364,407,40,24,88,158
"371830540072","371830540072","371830540072, 37183054007, Wake County, North Carolina","00","37","183","054007","2",,,,1443,422,47,4,73,169,1512,453,51,4,81,156
"371830540081","371830540081","371830540081, 37183054008, Wake County, North Carolina","00","37","183","054008","1",,,,465,547,215,19,190,196,484,580,235,20,208,179
"371830540082","371830540082","371830540082, 37183054008, Wake County, North Carolina","00","37","183","054008","2",,,,306,1267,42,33,314,176,316,1338,45,36,342,160
"371830540083","371830540083","371830540083, 37183054008, Wake County, North Carolina","00","37","183","054008","3",,,,289,913,46,37,359,171,299,965,50,39,391,155
"371830540084","371830540084","371830540084, 37183054008, Wake County, North Carolina","00","37","183","054008","4",,,,178,476,16,14,348,115,183,501,17,15,377,105
"371830540111","371830540111","371830540111, 37183054011, Wake County, North Carolina","00","37","183","054011","1",,,,1341,51,35,7,45,73,1406,54,38,7,49,67
"371830540112","371830540112","371830540112, 37183054011, Wake County, North Carolina","00","37","183","054011","2",,,,1108,107,18,2,7,86,1168,115,20,2,7,79
"371830540121","371830540121","371830540121, 37183054012, Wake County, North Carolina","00","37","183","054012","1",,,,1453,192,49,6,33,63,1519,204,52,6,36,58
"371830540122","371830540122","371830540122, 37183054012, Wake County, North Carolina","00","37","183","054012","2",,,,948,86,54,4,7,60,994,93,60,4,7,55
"371830540123","371830540123","371830540123, 37183054012, Wake County, North Carolina","00","37","183","054012","3",,,,661,30,33,7,26,45,693,32,36,7,29,40
"371830540151","371830540151","371830540151, 37183054015, Wake County, North Carolina","00","37","183","054015","1",,,,1383,1691,333,49,518,315,1433,1789,363,53,566,287
"371830540161","371830540161","371830540161, 37183054016, Wake County, North Carolina","00","37","183","054016","1",,,,942,137,39,1,25,105,992,148,42,1,27,97
"371830540162","371830540162","371830540162, 37183054016, Wake County, North Carolina","00","37","183","054016","2",,,,1651,354,54,8,63,158,1729,379,60,9,70,146
"371830540163","371830540163","371830540163, 37183054016, Wake County, North Carolina","00","37","183","054016","3",,,,1913,252,102,10,42,188,2010,270,112,11,46,174
"371830540171","371830540171","371830540171, 37183054017, Wake County, North Carolina","00","37","183","054017","1",,,,1504,790,99,8,184,245,1571,843,109,9,202,225
"371830540181","371830540181","371830540181, 37183054018, Wake County, North Carolina","00","37","183","054018","1",,,,618,754,166,29,121,141,640,800,181,32,131,128
"371830540182","371830540182","371830540182, 37183054018, Wake County, North Carolina","00","37","183","054018","2",,,,569,968,209,8,169,142,588,1024,227,9,184,128
"371830540191","371830540191","371830540191, 37183054019, Wake County, North Carolina","00","37","183","054019","1",,,,1687,142,33,1,13,152,1778,153,36,1,14,141
"371830540192","371830540192","371830540192, 37183054019, Wake County, North Carolina","00","37","183","054019","2",,,,2533,358,161,5,80,294,2662,385,178,5,88,271
"371830540201","371830540201","371830540201, 37183054020, Wake County, North Carolina","00","37","183","054020","1",,,,833,369,21,2,65,83,871,394,23,2,72,76
"371830540202","371830540202","371830540202, 37183054020, Wake County, North Carolina","00","37","183","054020","2",,,,2726,330,82,5,53,281,2867,355,91,5,59,259
"371830540211","371830540211","371830540211, 37183054021, Wake County, North Carolina","00","37","183","054021","1",,,,1214,48,41,2,19,130,1284,51,45,2,21,120
"371830540212","371830540212","371830540212, 37183054021, Wake County, North Carolina","00","37","183","054021","2",,,,1414,83,64,2,17,132,1487,89,70,2,19,122
"371830540221","371830540221","371830540221, 37183054022, Wake County, North Carolina","00","37","183","054022","1",,,,270,746,63,14,226,164,280,791,68,15,248,150
"371830540222","371830540222","371830540222, 37183054022, Wake County, North Carolina","00","37","183","054022","2",,,,911,1123,84,73,738,352,944,1189,92,80,805,320
"371830540223","371830540223","371830540223, 37183054022, Wake County, North Carolina","00","37","183","054022","3",,,,531,508,116,16,335,157,551,538,126,17,365,142
"371830540231","371830540231","371830540231, 37183054023, Wake County, North Carolina","00","37","183","054023","1",,,,993,1206,256,20,206,243,1031,1281,279,21,224,221
"371830540232","371830540232","371830540232, 37183054023, Wake County, North Carolina","00","37","183","054023","2",,,,664,1720,152,18,259,275,689,1824,165,19,283,251
"371830540233","371830540233","371830540233, 37183054023, Wake County, North Carolina","00","37","183","054023","3",,,,792,853,256,14,159,190,822,904,280,15,173,174
"371830541061","371830541061","371830541061, 37183054106, Wake County, North Carolina","00","37","183","054106","1",,,,206,765,31,32,70,135,216,820,33,34,77,123
"371830541062","371830541062","371830541062, 37183054106, Wake County, North Carolina","00","37","183","054106","2",,,,478,921,22,11,296,138,494,974,25,12,323,125
"371830541063","371830541063","371830541063, 37183054106, Wake County, North Carolina","00","37","183","054106","3",,,,576,1435,139,15,252,192,596,1519,151,16,275,175
"371830541064","371830541064","371830541064, 37183054106, Wake County, North Carolina","00","37","183","054106","4",,,,436,739,48,42,1195,154,444,770,51,44,1284,137
"371830541081","371830541081","371830541081, 37183054108, Wake County, North Carolina","00","37","183","054108","1",,,,696,997,52,41,309,155,721,1056,57,45,338,141
"371830541082","371830541082","371830541082, 37183054108, Wake County, North Carolina","00","37","183","054108","2",,,,1522,665,97,21,408,373,1594,712,107,23,451,342
"371830541083","371830541083","371830541083, 37183054108, Wake County, North Carolina","00","37","183","054108","3",,,,716,1252,57,24,458,215,742,1324,63,26,500,195
"371830541091","371830541091","371830541091, 37183054109, Wake County, North Carolina","00","37","183","054109","1",,,,1373,1165,37,31,114,162,1428,1241,40,33,125,148
"371830541092","371830541092","371830541092, 37183054109, Wake County, North Carolina","00","37","183","054109","2",,,,1107,528,11,38,314,197,1157,563,12,42,345,180
"371830541111","371830541111","371830541111, 37183054111, Wake County, North Carolina","00","37","183","054111","1",,,,918,543,44,12,256,170,957,579,47,13,281,156
"371830541112","371830541112","371830541112, 37183054111, Wake County, North Carolina","00","37","183","054111","2",,,,504,90,9,6,53,36,529,97,10,6,59,33
"371830541121","371830541121","371830541121, 37183054112, Wake County, North Carolina","00","37","183","054112","1",,,,468,561,6,11,398,220,487,596,6,13,435,201
"371830541122","371830541122","371830541122, 37183054112, Wake County, North Carolina","00","37","183","054112","2",,,,917,1015,75,44,244,198,953,1078,82,47,267,182
"371830541131","371830541131","371830541131, 37183054113, Wake County, North Carolina","00","37","183","054113","1",,,,944,876,164,25,197,183,979,929,179,27,216,167
"371830541132","371830541132","371830541132, 37183054113, Wake County, North Carolina","00","37","183","054113","2",,,,803,1201,101,23,370,192,832,1271,110,25,402,175
"371830541141","371830541141","371830541141, 37183054114, Wake County, North Carolina","00","37","183","054114","1",,,,1976,1049,122,20,178,289,2065,1122,134,21,196,265
"371830541142","371830541142","371830541142, 37183054114, Wake County, North Carolina","00","37","183","054114","2",,,,407,821,99,10,144,128,421,868,109,11,157,116
"371830541143","371830541143","371830541143, 37183054114, Wake County, North Carolina","00","37","183","054114","3",,,,877,741,29,55,826,214,904,780,31,61,896,193
"371830541151","371830541151","371830541151, 37183054115, Wake County, North Carolina","00","37","183","054115","1",,,,1268,1540,188,27,210,355,1320,1640,207,29,230,326
"371830541152","371830541152","371830541152, 37183054115, Wake County, North Carolina","00","37","183","054115","2",,,,948,279,19,18,296,138,989,299,21,20,325,126
"371830541153","371830541153","371830541153, 37183054115, Wake County, North Carolina","00","37","183","054115","3",,,,1923,2025,138,22,286,304,1998,2150,151,25,312,278
"371830541161","371830541161","371830541161, 37183054116, Wake County, North Carolina","00","37","183","054116","1",,,,1356,1238,225,34,254,364,1413,1319,247,37,279,334
"371830541162","371830541162","371830541162, 37183054116, Wake County, North Carolina","00","37","183","054116","2",,,,525,355,94,3,123,131,547,379,104,3,135,120
"371830541163","371830541163","371830541163, 37183054116, Wake County, North Carolina","00","37","183","054116","3",,,,302,283,102,156,907,257,310,298,110,169,981,232
"371830541171","371830541171","371830541171, 37183054117, Wake County, North Carolina","00","37","183","054117","1",,,,719,898,472,15,293,230,742,946,514,17,319,209
"371830541172","371830541172","371830541172, 37183054117, Wake County, North Carolina","00","37","183","054117","2",,,,586,802,136,19,283,218,609,853,148,20,310,198
"371830541173","371830541173","371830541173, 37183054117, Wake County, North Carolina","00","37","183","054117","3",,,,601,557,137,15,282,197,623,590,150,17,309,181
"371830541181","371830541181","371830541181, 37183054118, Wake County, North Carolina","00","37","183","054118","1",,,,996,1036,161,11,177,170,1034,1098,177,12,194,155
"371830541182","371830541182","371830541182, 37183054118, Wake County, North Carolina","00","37","183","054118","2",,,,1398,1029,232,20,168,181,1451,1092,254,21,184,165
"371830541191","371830541191","371830541191, 37183054119, Wake County, North Carolina","00","37","183","054119","1",,,,1400,1545,70,18,137,237,1458,1644,77,20,150,217
"371830541192","371830541192","371830541192, 37183054119, Wake County, North Carolina","00","37","183","054119","2",,,,1178,988,197,11,219,243,1228,1050,215,12,239,222
"371830541193","371830541193","371830541193, 37183054119, Wake County, North Carolina","00","37","183","054119","3",,,,531,175,31,1,60,63,554,188,34,1,67,58
"371830541201","371830541201","371830541201, 37183054120, Wake County, North Carolina","00","37","183","054120","1",,,,1084,164,43,6,50,107,1139,176,46,6,57,99
"371830541211","371830541211","371830541211, 37183054121, Wake County, North Carolina","00","37","183","054121","1",,,,2038,1255,121,29,369,367,2126,1338,132,31,405,335
"371830541212","371830541212","371830541212, 37183054121, Wake County, North Carolina","00","37","183","054121","2",,,,2390,1574,205,23,237,422,2499,1683,226,25,261,387
"371830542031","371830542031","371830542031, 37183054203, Wake County, North Carolina","00","37","183","054203","1",,,,1221,96,33,3,27,95,1282,103,35,3,30,87
"371830542032","371830542032","371830542032, 37183054203, Wake County, North Carolina","00","37","183","054203","2",,,,1962,209,59,3,33,133,2060,223,65,3,35,122
"371830542041","371830542041","371830542041, 37183054204, Wake County, North Carolina","00","37","183","054204","1",,,,2014,389,61,11,92,288,2123,419,67,13,102,266
"371830542042","371830542042","371830542042, 37183054204, Wake County, North Carolina","00","37","183","054204","2",,,,1633,276,60,8,82,180,1709,296,67,10,91,166
"371830542061","371830542061","371830542061, 37183054206, Wake County, North Carolina","00","37","183","054206","1",,,,707,61,22,4,34,43,737,65,24,4,36,38
"371830542062","371830542062","371830542062, 37183054206, Wake County, North Carolina","00","37","183","054206","2",,,,2525,573,113,1,117,285,2651,615,125,1,129,262
"371830542063","371830542063","371830542063, 37183054206, Wake County, North Carolina","00","37","183","054206","3",,,,1658,142,38,4,40,191,1749,153,42,4,44,178
"371830542121","371830542121","371830542121, 37183054212, Wake County, North Carolina","00","37","183","054212","1",,,,1158,211,90,2,44,140,1214,226,99,2,48,128
"371830542122","371830542122","371830542122, 37183054212, Wake County, North Carolina","00","37","183","054212","2",,,,1576,374,173,13,40,184,1651,401,191,15,44,169
"371830542123","371830542123","371830542123, 37183054212, Wake County, North Carolina","00","37","183","054212","3",,,,1087,829,82,6,127,208,1135,883,90,6,139,190
"371830542131","371830542131","371830542131, 37183054213, Wake County, North Carolina","00","37","183","054213","1",,,,887,336,51,2,59,110,930,360,55,2,65,102
"371830542132","371830542132","371830542132, 37183054213, Wake County, North Carolina","00","37","183","054213","2",,,,1057,181,136,6,31,141,1111,195,149,6,34,129
"371830542133","371830542133","371830542133, 37183054213, Wake County, North Carolina","00","37","183","054213","3",,,,1078,186,197,3,13,110,1125,198,217,3,15,102
"371830542141","371830542141","371830542141, 37183054214, Wake County, North Carolina","00","37","183","054214","1",,,,927,72,3,4,45,51,973,77,3,4,49,47
"371830542142","371830542142","371830542142, 37183054214, Wake County, North Carolina","00","37","183","054214","2",,,,845,80,8,10,47,57,885,85,9,11,51,52
"371830542151","371830542151","371830542151, 37183054215, Wake County, North Carolina","00","37","183","054215","1",,,,566,479,32,9,61,106,590,510,35,11,67,97
"371830542152","371830542152","371830542152, 37183054215, Wake County, North Carolina","00","37","183","054215","2",,,,2361,979,120,13,114,352,2477,1051,132,14,126,323
"371830542161","371830542161","371830542161, 37183054216, Wake County, North Carolina","00","37","183","054216","1",,,,949,628,116,2,75,112,987,668,127,2,82,103
"371830542162","371830542162","371830542162, 37183054216, Wake County, North Carolina","00","37","183","054216","2",,,,1710,116,66,3,14,132,1800,126,73,3,15,121
"371830542163","371830542163","371830542163, 37183054216, Wake County, North Carolina","00","37","183","054216","3",,,,1383,419,44,8,58,178,1448,448,49,10,65,164
"371830542171","371830542171","371830542171, 37183054217, Wake County, North Carolina","00","37","183","054217","1",,,,1543,383,82,2,48,163,1617,410,92,2,52,150
"371830542172","371830542172","371830542172, 37183054217, Wake County, North Carolina","00","37","183","054217","2",,,,463,77,50,3,13,59,483,82,54,3,14,54
"371830542173","371830542173","371830542173, 37183054217, Wake County, North Carolina","00","37","183","054217","3",,,,1372,272,101,6,31,149,1441,292,112,6,33,137
"371830542181","371830542181","371830542181, 37183054218, Wake County, North Carolina","00","37","183","054218","1",,,,1557,993,256,7,132,343,1628,1063,281,8,145,315
"371830542182","371830542182","371830542182, 37183054218, Wake County, North Carolina","00","37","183","054218","2",,,,540,882,61,17,231,185,562,938,67,18,252,169
"371830542183","371830542183","371830542183, 37183054218, Wake County, North Carolina","00","37","183","054218","3",,,,945,287,36,15,54,150,995,309,39,16,59,138
"371830542184","371830542184","371830542184, 37183054218, Wake County, North Carolina","00","37","183","054218","4",,,,1322,530,287,6,93,206,1376,565,315,6,102,189
"371830542191","371830542191","371830542191, 37183054219, Wake County, North Carolina","00","37","183","054219","1",,,,1404,68,42,7,8,95,1476,72,46,7,10,87
"371830542192","371830542192","371830542192, 37183054219, Wake County, North Carolina","00","37","183","054219","2",,,,1923,277,65,6,90,298,2027,300,74,6,100,276
"371830542201","371830542201","371830542201, 37183054220, Wake County, North Carolina","00","37","183","054220","1",,,,1808,467,183,12,94,208,1890,499,202,14,103,191
"371830542202","371830542202","371830542202, 37183054220, Wake County, North Carolina","00","37","183","054220","2",,,,858,509,43,6,86,208,902,547,47,6,96,191
"371830542203","371830542203","371830542203, 37183054220, Wake County, North Carolina","00","37","183","054220","3",,,,1259,518,124,4,179,252,1322,555,137,4,197,231
"371830542211","371830542211","371830542211, 37183054221, Wake County, North Carolina","00","37","183","054221","1",,,,2678,416,98,8,110,305,2816,446,109,10,121,282
"371830542212","371830542212","371830542212, 37183054221, Wake County, North Carolina","00","37","183","054221","2",,,,1351,314,65,2,82,169,1417,337,72,2,92,155
"371830542213","371830542213","371830542213, 37183054221, Wake County, North Carolina","00","37","183","054221","3",,,,1554,381,100,27,67,202,1630,408,111,30,75,187
"371830542221","371830542221","371830542221, 37183054222, Wake County, North Carolina","00","37","183","054222","1",,,,1626,151,54,4,38,120,1707,161,59,4,42,111
"371830542222","371830542222","371830542222, 37183054222, Wake County, North Carolina","00","37","183","054222","2",,,,1388,269,87,4,54,156,1461,290,97,4,59,143
"371830542223","371830542223","371830542223, 37183054222, Wake County, North Carolina","00","37","183","054222","3",,,,2644,538,88,15,269,274,2764,575,97,16,296,252
"371830542224","371830542224","371830542224, 37183054222, Wake County, North Carolina","00","37","183","054222","4",,,,601,54,32,0,6,25,627,57,34,0,6,24
"371830542231","371830542231","371830542231, 37183054223, Wake County, North Carolina","00","37","183","054223","1",,,,684,477,38,4,66,120,716,510,42,4,73,111
"371830542232","371830542232","371830542232, 37183054223, Wake County, North Carolina","00","37","183","054223","2",,,,1219,79,30,3,17,51,1266,83,32,3,19,47
"371830542241","371830542241","371830542241, 37183054224, Wake County, North Carolina","00","37","183","054224","1",,,,1245,304,67,8,43,170,1309,326,75,9,47,157
"371830542242","371830542242","371830542242, 37183054224, Wake County, North Carolina","00","37","183","054224","2",,,,354,531,8,1,39,73,367,564,9,1,43,66
"371830542243","371830542243","371830542243, 37183054224, Wake County, North Carolina","00","37","183","054224","3",,,,1265,446,24,7,50,143,1323,477,26,7,54,131
"371830543031","371830543031","371830543031, 37183054303, Wake County, North Carolina","00","37","183","054303","1",,,,571,752,11,6,147,107,592,798,12,6,160,98
"371830543032","371830543032","371830543032, 37183054303, Wake County, North Carolina","00","37","183","054303","2",,,,830,79,6,13,251,103,867,83,6,14,275,95
"371830543041","371830543041","371830543041, 37183054304, Wake County, North Carolina","00","37","183","054304","1",,,,2020,908,35,25,226,248,2110,969,38,28,248,227
"371830543042","371830543042","371830543042, 37183054304, Wake County, North Carolina","00","37","183","054304","2",,,,1445,613,21,19,215,125,1505,654,22,20,236,114
"371830543051","371830543051","371830543051, 37183054305, Wake County, North Carolina","00","37","183","054305","1",,,,649,490,17,21,158,110,676,522,18,22,173,100
"371830543052","371830543052","371830543052, 37183054305, Wake County, North Carolina","00","37","183","054305","2",,,,1103,767,27,17,165,185,1151,818,30,18,181,170
"371830543061","371830543061","371830543061, 37183054306, Wake County, North Carolina","00","37","183","054306","1",,,,539,541,14,13,101,83,558,575,15,14,110,75
"371830543062","371830543062","371830543062, 37183054306, Wake County, North Carolina","00","37","183","054306","2",,,,633,557,6,20,314,126,659,593,6,21,343,114
"371830543063","371830543063","371830543063, 37183054306, Wake County, North Carolina","00","37","183","054306","3",,,,411,207,0,5,108,59,429,222,0,5,118,54
"371830544021","371830544021","371830544021, 37183054402, Wake County, North Carolina","00","37","183","054402","1",,,,779,396,12,6,169,116,811,421,14,6,186,107
"371830544022","371830544022","371830544022, 37183054402, Wake County, North Carolina","00","37","183","054402","2",,,,1455,699,51,31,344,247,1519,745,55,33,377,226
"371830544023","371830544023","371830544023, 37183054402, Wake County, North Carolina","00","37","183","054402","3",,,,2907,583,64,23,283,430,3057,626,71,26,313,396
"371830544031","371830544031","371830544031, 37183054403, Wake County, North Carolina","00","37","183","054403","1",,,,478,326,14,25,284,129,497,346,15,27,312,117
"371830544032","371830544032","371830544032, 37183054403, Wake County, North Carolina","00","37","183","054403","2",,,,730,339,4,10,327,92,756,359,4,12,356,84
"371830544033","371830544033","371830544033, 37183054403, Wake County, North Carolina","00","37","183","054403","3",,,,1000,157,30,11,235,121,1044,168,32,13,258,111
"371830544041","371830544041","371830544041, 37183054404, Wake County, North Carolina","00","37","183","054404","1",,,,1747,846,133,18,339,257,1819,901,145,19,371,234
"371830544042","371830544042","371830544042, 37183054404, Wake County, North Carolina","00","37","183","054404","2",,,,614,455,24,16,216,121,639,484,26,17,236,110
"371830544043","371830544043","371830544043, 37183054404, Wake County, North Carolina","00","37","183","054404","3",,,,1055,865,24,19,272,191,1098,920,27,20,298,176
"371830545011","371830545011","371830545011, 37183054501, Wake County, North Carolina","00","37","183","054501","1",,,,1035,119,127,6,14,92,1084,127,140,6,16,85
"371830545012","371830545012","371830545012, 37183054501, Wake County, North Carolina","00","37","183","054501","2",,,,845,553,71,15,221,159,880,588,78,16,242,146
"371830545013","371830545013","371830545013, 37183054501, Wake County, North Carolina","00","37","183","054501","3",,,,420,269,31,11,62,67,437,288,34,12,68,61
"371830545014","371830545014","371830545014, 37183054501, Wake County, North Carolina","00","37","183","054501","4",,,,575,314,81,4,553,170,594,333,89,4,601,155
"371830545021","371830545021","371830545021, 37183054502, Wake County, North Carolina","00","37","183","054502","1",,,,179,335,4,9,176,64,185,354,4,10,192,58
"371830545022","371830545022","371830545022, 37183054502, Wake County, North Carolina","00","37","183","054502","2",,,,276,250,7,2,129,52,285,265,7,2,140,48
"371830545023","371830545023","371830545023, 37183054502, Wake County, North Carolina","00","37","183","054502","3",,,,481,586,9,14,166,49,485,605,10,15,176,43
"371830545024","371830545024","371830545024, 37183054502, Wake County, North Carolina","00","37","183","054502","4",,,,494,375,8,11,185,92,507,392,9,12,200,82
"371839801001","371839801001","371839801001, 37183980100, Wake County, North Carolina","00","37","183","980100","1",,,,0,0,0,0,0,1,0,0,0,0,0,1
"371839802001","371839802001","371839802001, 37183980200, Wake County, North Carolina","00","37","183","980200","1",,,,0,0,0,0,0,0,0,0,0,0,0,0
